-- phpMyAdmin SQL Dump
-- version 5.2.1
-- https://www.phpmyadmin.net/
--
-- Hôte : localhost
-- Généré le : sam. 05 avr. 2025 à 12:09
-- Version du serveur : 10.3.39-MariaDB-0+deb10u1
-- Version de PHP : 8.3.0RC1

SET SQL_MODE = "NO_AUTO_VALUE_ON_ZERO";
START TRANSACTION;
SET time_zone = "+00:00";


/*!40101 SET @OLD_CHARACTER_SET_CLIENT=@@CHARACTER_SET_CLIENT */;
/*!40101 SET @OLD_CHARACTER_SET_RESULTS=@@CHARACTER_SET_RESULTS */;
/*!40101 SET @OLD_COLLATION_CONNECTION=@@COLLATION_CONNECTION */;
/*!40101 SET NAMES utf8mb4 */;

--
-- Base de données : `bdd_tdf`
--

-- --------------------------------------------------------

--
-- Structure de la table `Admin`
--

CREATE TABLE `Admin` (
  `id` int(255) NOT NULL,
  `mail` varchar(255) NOT NULL,
  `nom` varchar(255) NOT NULL,
  `prenom` varchar(255) NOT NULL,
  `password` varchar(255) NOT NULL
) ENGINE=InnoDB DEFAULT CHARSET=utf8mb4 COLLATE=utf8mb4_general_ci;

--
-- Déchargement des données de la table `Admin`
--

INSERT INTO `Admin` (`id`, `mail`, `nom`, `prenom`, `password`) VALUES
(1, 'gwendalferlin20@gmail.com', 'Ferlin', 'Gwendal', '$2y$10$VHXmydZtU/9mPEG9iPLxWew/MUbxeZfczbVd/WKHzcTJPfKPS.Vyu');

-- --------------------------------------------------------

--
-- Structure de la table `Bonification`
--

CREATE TABLE `Bonification` (
  `idBonification` int(11) NOT NULL,
  `reductionTemps` int(11) DEFAULT NULL,
  `numDossard` int(11) NOT NULL,
  `numEtape` int(11) NOT NULL
) ENGINE=InnoDB DEFAULT CHARSET=utf8mb4 COLLATE=utf8mb4_general_ci;

--
-- Déchargement des données de la table `Bonification`
--

INSERT INTO `Bonification` (`idBonification`, `reductionTemps`, `numDossard`, `numEtape`) VALUES
(58, 6, 16, 2),
(59, 10, 51, 2),
(60, 4, 171, 2),
(61, 6, 16, 3),
(62, 4, 105, 3),
(63, 10, 204, 3),
(64, 4, 15, 4),
(65, 10, 16, 4),
(66, 6, 105, 4),
(67, 6, 127, 5),
(68, 4, 182, 5),
(69, 10, 193, 5),
(70, 10, 1, 6),
(71, 4, 91, 6),
(72, 6, 201, 6),
(73, 10, 1, 7),
(74, 4, 11, 7),
(75, 6, 18, 7),
(76, 4, 1, 8),
(77, 10, 16, 8),
(78, 6, 201, 8),
(79, 6, 23, 9),
(80, 10, 36, 9),
(81, 4, 68, 9),
(82, 4, 85, 10),
(83, 10, 146, 10),
(84, 6, 208, 10),
(85, 10, 18, 11),
(86, 4, 111, 11),
(87, 6, 151, 11),
(88, 10, 25, 12),
(89, 6, 124, 12),
(90, 4, 191, 12),
(91, 6, 88, 13),
(92, 10, 171, 13),
(93, 4, 196, 13),
(94, 4, 97, 14),
(95, 6, 143, 14),
(96, 10, 201, 14),
(97, 6, 16, 15),
(98, 10, 105, 15),
(99, 4, 171, 15),
(100, 6, 96, 16),
(101, 10, 196, 16),
(102, 4, 198, 16),
(103, 10, 1, 17),
(104, 4, 6, 17),
(105, 6, 18, 17),
(106, 6, 1, 18),
(107, 4, 16, 18),
(108, 10, 18, 18),
(109, 10, 15, 19),
(110, 6, 105, 19),
(111, 4, 112, 19),
(112, 10, 105, 21),
(113, 4, 121, 21),
(114, 6, 204, 21);

-- --------------------------------------------------------

--
-- Structure de la table `Coureur`
--

CREATE TABLE `Coureur` (
  `numDossard` int(11) NOT NULL,
  `nom` varchar(50) DEFAULT NULL,
  `prenom` varchar(50) DEFAULT NULL,
  `DN` date DEFAULT NULL,
  `numEquipe` varchar(50) NOT NULL,
  `codePays` varchar(3) NOT NULL
) ENGINE=InnoDB DEFAULT CHARSET=utf8mb4 COLLATE=utf8mb4_general_ci;

--
-- Déchargement des données de la table `Coureur`
--

INSERT INTO `Coureur` (`numDossard`, `nom`, `prenom`, `DN`, `numEquipe`, `codePays`) VALUES
(1, 'POGACAR', 'TADEJ', '1998-09-21', 'UAE', 'SLO'),
(2, 'BENNETT', 'GEORGE', '1990-04-07', 'UAE', 'NZL'),
(3, 'BJERG', 'MIKKEL', '1998-11-03', 'UAE', 'DNK'),
(4, 'LAENGEN', 'VEGARD STAKE', '1989-02-07', 'UAE', 'NOR'),
(5, 'MAJKA', 'RAFAL', '1989-06-12', 'UAE', 'POL'),
(6, 'MCNULTY', 'BRANDON', '1998-04-02', 'UAE', 'USA'),
(7, 'SOLER', 'MARC', '1993-11-22', 'UAE', 'ESP'),
(8, 'HIRSCHI', 'MARC', '1998-08-24', 'UAE', 'CHE'),
(11, 'ROGLIC', 'PRIMOZ', '1989-10-29', 'JUMBO', 'SLO'),
(12, 'BENOOT', 'TIESJ', '1994-03-11', 'JUMBO', 'BEL'),
(13, 'KRUIJSWIJK', 'STEVEN', '1987-06-07', 'JUMBO', 'NLD'),
(14, 'KUSS', 'SEPP', '1994-09-13', 'JUMBO', 'USA'),
(15, 'LAPORTE', 'CHRISTOPHE', '1992-12-11', 'JUMBO', 'FRA'),
(16, 'VAN AERT', 'WOUT', '1994-09-15', 'JUMBO', 'BEL'),
(17, 'VAN HOOYDONCK', 'NATHAN', '1995-10-12', 'JUMBO', 'BEL'),
(18, 'VINDEGAARD', 'JONAS', '1996-10-12', 'JUMBO', 'DNK'),
(21, 'THOMAS', 'GERAINT', '1986-05-25', 'INEOS', 'GBR'),
(22, 'MARTINEZ', 'DANIEL', '1996-04-25', 'INEOS', 'COL'),
(23, 'CASTROVIEJO', 'JONATHAN', '1987-04-27', 'INEOS', 'ESP'),
(24, 'GANNA', 'FILIPPO', '1996-07-25', 'INEOS', 'ITA'),
(25, 'PIDCOCK', 'THOMAS', '1999-07-30', 'INEOS', 'GBR'),
(26, 'ROWE', 'LUKE', '1990-03-10', 'INEOS', 'GBR'),
(27, 'VAN BAARLE', 'DYLAN', '1992-05-21', 'INEOS', 'NLD'),
(28, 'YATES', 'ADAM', '1992-08-07', 'INEOS', 'GBR'),
(31, 'O\'CONNOR', 'BEN', '1995-11-25', 'AG2R', 'AUS'),
(32, 'BOUCHARD', 'GEOFFREY', '1992-04-01', 'AG2R', 'FRA'),
(33, 'CHEREL', 'MIKAEL', '1986-03-17', 'AG2R', 'FRA'),
(34, 'COSNEFROY', 'BENOIT', '1995-10-17', 'AG2R', 'FRA'),
(35, 'DEWULF', 'STAN', '1997-12-20', 'AG2R', 'BEL'),
(36, 'JUNGELS', 'BOB', '1992-09-22', 'AG2R', 'LUX'),
(37, 'NAESEN', 'OLIVER', '1990-09-16', 'AG2R', 'BEL'),
(38, 'PARET PEINTRE', 'AURELIEN', '1996-02-27', 'AG2R', 'FRA'),
(41, 'VLASOV', 'ALEKSANDR', '1996-04-23', 'BORA', 'RUS'),
(42, 'GROSSSCHARTNER', 'FELIX', '1993-12-23', 'BORA', 'AUT'),
(43, 'HALLER', 'MARCO', '1991-04-01', 'BORA', 'AUT'),
(44, 'KAMNA', 'LENNARD', '1996-09-09', 'BORA', 'DEU'),
(45, 'KONRAD', 'PATRICK', '1991-10-13', 'BORA', 'AUT'),
(46, 'POLITT', 'NILS', '1994-03-06', 'BORA', 'DEU'),
(47, 'SCHACHMANN', 'MAXIMILIAN', '1994-01-09', 'BORA', 'DEU'),
(48, 'VAN POPPEL', 'DANNY', '1993-07-26', 'BORA', 'NLD'),
(51, 'JAKOBSEN', 'FABIO', '1996-08-31', 'QUICK', 'NLD'),
(52, 'ASGREEN', 'KASPER', '1995-02-08', 'QUICK', 'DNK'),
(53, 'BAGIOLI', 'ANDREA', '1999-03-23', 'QUICK', 'ITA'),
(54, 'CATTANEO', 'MATTIA', '1990-10-25', 'QUICK', 'ITA'),
(55, 'HONORE', 'MIKKEL', '1997-01-21', 'QUICK', 'DNK'),
(56, 'LAMPAERT', 'YVES', '1991-04-10', 'QUICK', 'BEL'),
(57, 'MORKOV', 'MICHAEL', '1985-04-30', 'QUICK', 'DNK'),
(58, 'SENECHAL', 'FLORIAN', '1993-07-10', 'QUICK', 'FRA'),
(61, 'MAS', 'ENRIC', '1995-01-07', 'MOVI', 'ESP'),
(62, 'ERVITI', 'IMANOL', '1983-11-15', 'MOVI', 'ESP'),
(63, 'IZAGIRRE INSAUSTI', 'GORKA', '1987-10-07', 'MOVI', 'ESP'),
(64, 'JORGENSON', 'MATTEO', '1999-07-01', 'MOVI', 'USA'),
(65, 'MUHLBERGER', 'GREGOR', '1994-04-04', 'MOVI', 'AUT'),
(66, 'OLIVEIRA', 'NELSON', '1989-03-06', 'MOVI', 'PRT'),
(67, 'TORRES BARCELO', 'ALBERT', '1990-04-26', 'MOVI', 'ESP'),
(68, 'VERONA', 'CARLOS', '1992-11-04', 'MOVI', 'ESP'),
(71, 'MARTIN', 'GUILLAUME', '1993-06-09', 'COFI', 'FRA'),
(72, 'PERICHON', 'PIERRE LUC', '1987-01-04', 'COFI', 'FRA'),
(73, 'GESCHKE', 'SIMON', '1986-03-13', 'COFI', 'DEU'),
(74, 'IZAGUIRRE INSAUSTI', 'ION', '1989-02-04', 'COFI', 'ESP'),
(75, 'LAFAY', 'VICTOR', '1996-01-17', 'COFI', 'FRA'),
(76, 'PEREZ', 'ANTHONY', '1991-04-22', 'COFI', 'FRA'),
(77, 'THOMAS', 'BENJAMIN', '1995-09-12', 'COFI', 'FRA'),
(78, 'WALSCHEID', 'MAX', '1993-06-13', 'COFI', 'DEU'),
(81, 'HAIG', 'JACK', '1993-09-06', 'BRN', 'AUS'),
(82, 'CARUSO', 'DAMIANO', '1987-10-12', 'BRN', 'ITA'),
(83, 'GRADEK', 'KAMIL', '1990-09-17', 'BRN', 'POL'),
(84, 'MOHORIC', 'MATEJ', '1994-10-19', 'BRN', 'SLO'),
(85, 'SANCHEZ', 'LUIS LEON', '1983-11-24', 'BRN', 'ESP'),
(86, 'TEUNS', 'DYLAN', '1992-03-01', 'BRN', 'BEL'),
(87, 'TRATNIK', 'JAN', '1990-02-23', 'BRN', 'SLO'),
(88, 'WRIGHT', 'FRED', '1999-06-13', 'BRN', 'GBR'),
(91, 'GAUDU', 'DAVID', '1996-10-10', 'FDJ', 'FRA'),
(92, 'DUCHESNE', 'ANTOINE', '1991-09-12', 'FDJ', 'CAN'),
(93, 'GENIETS', 'KEVIN', '1997-01-09', 'FDJ', 'LUX'),
(94, 'KUNG', 'STEFAN', '1993-11-16', 'FDJ', 'CHE'),
(95, 'LE GAC', 'OLIVIER', '1993-08-27', 'FDJ', 'FRA'),
(96, 'MADOUAS', 'VALENTIN', '1996-07-12', 'FDJ', 'FRA'),
(97, 'PINOT', 'THIBAUT', '1990-05-29', 'FDJ', 'FRA'),
(98, 'STORER', 'MICHAEL', '1997-02-28', 'FDJ', 'AUS'),
(101, 'VAN DER POEL', 'MATHIEU', '1995-01-19', 'ALPE', 'NLD'),
(102, 'DILLIER', 'SILVAN', '1990-08-03', 'ALPE', 'CHE'),
(103, 'GOGL', 'MICHAEL', '1993-11-04', 'ALPE', 'AUT'),
(104, 'KRIEGER', 'ALEXANDER', '1991-11-28', 'ALPE', 'DEU'),
(105, 'PHILIPSEN', 'JASPER', '1998-03-02', 'ALPE', 'BEL'),
(106, 'PLANCKAERT', 'EDWARD', '1995-02-01', 'ALPE', 'BEL'),
(107, 'SBARAGLI', 'KRISTIAN', '1990-05-08', 'ALPE', 'ITA'),
(108, 'VAN KEIRSBULCK', 'GUILLAUME', '1991-02-14', 'ALPE', 'BEL'),
(111, 'BARDET', 'ROMAIN', '1990-11-09', 'DSM', 'FRA'),
(112, 'DAINESE', 'ALBERTO', '1998-03-25', 'DSM', 'ITA'),
(113, 'DEGENKOLB', 'JOHN', '1989-01-07', 'DSM', 'DEU'),
(114, 'EEKHOFF', 'NILS', '1998-01-23', 'DSM', 'NLD'),
(115, 'HAMILTON', 'CHRISTOPHER', '1995-05-18', 'DSM', 'AUS'),
(116, 'LEKNESSUND', 'ANDREAS', '1999-05-21', 'DSM', 'NOR'),
(117, 'TUSVELD', 'MARTIJN', '1993-09-09', 'DSM', 'NLD'),
(118, 'VERMAERKE', 'KEVIN', '2000-10-16', 'DSM', 'USA'),
(121, 'KRISTOFF', 'ALEXANDER', '1987-07-05', 'INTER', 'NOR'),
(122, 'BYSTROM', 'SVEN ERIK', '1992-01-21', 'INTER', 'NOR'),
(123, 'GOOSSENS', 'KOBE', '1996-04-29', 'INTER', 'BEL'),
(124, 'MEINTJES', 'LOUIS', '1992-02-21', 'INTER', 'ZAF'),
(125, 'PASQUALON', 'ANDREA', '1988-01-02', 'INTER', 'ITA'),
(126, 'PETIT', 'ADRIEN', '1990-09-26', 'INTER', 'FRA'),
(127, 'VAN DER HOORN', 'TACO', '1993-12-04', 'INTER', 'NLD'),
(128, 'ZIMMERMANN', 'GEORG', '1997-10-11', 'INTER', 'DEU'),
(131, 'LUTSENKO', 'ALEXEY', '1992-09-07', 'ASTANA', 'KAZ'),
(132, 'RIABUSHENKO', 'ALEKSANDR', '1995-10-12', 'ASTANA', 'BLR'),
(133, 'DOMBROWSKI', 'JOSEPH LLOYD', '1991-05-12', 'ASTANA', 'USA'),
(134, 'FELLINE', 'FABIO', '1990-03-29', 'ASTANA', 'ITA'),
(135, 'GRUZDEV', 'DMITRIY', '1986-03-13', 'ASTANA', 'KAZ'),
(136, 'MOSCON', 'GIANNI', '1994-04-20', 'ASTANA', 'ITA'),
(137, 'VELASCO', 'SIMONE', '1995-12-02', 'ASTANA', 'ITA'),
(138, 'ZEITS', 'ANDREY', '1986-12-14', 'ASTANA', 'KAZ'),
(141, 'URAN', 'RIGOBERTO', '1987-01-26', 'EF', 'COL'),
(142, 'ALMEIDA GUERREIRO', 'RUBEN ANTONIO', '1994-07-06', 'EF', 'PRT'),
(143, 'BETTIOL', 'ALBERTO', '1993-10-29', 'EF', 'ITA'),
(144, 'BISSEGGER', 'STEFAN', '1998-09-13', 'EF', 'CHE'),
(145, 'DOULL', 'OWAIN', '1993-05-02', 'EF', 'GBR'),
(146, 'NIELSEN', 'MAGNUS CORT', '1993-01-16', 'EF', 'DNK'),
(147, 'POWLESS', 'NEILSON', '1996-09-03', 'EF', 'USA'),
(148, 'RUTSCH', 'JONAS', '1998-01-24', 'EF', 'DEU'),
(151, 'QUINTANA', 'NAIRO', '1990-02-04', 'ARKEA', 'COL'),
(152, 'BARGUIL', 'WARREN', '1991-10-28', 'ARKEA', 'FRA'),
(153, 'BOUET', 'MAXIME', '1986-11-03', 'ARKEA', 'FRA'),
(154, 'CAPIOT', 'AMAURY', '1993-06-25', 'ARKEA', 'BEL'),
(155, 'HOFSTETTER', 'HUGO', '1994-02-13', 'ARKEA', 'FRA'),
(156, 'LOUVEL', 'MATIS', '1999-07-19', 'ARKEA', 'FRA'),
(157, 'OWSIAN', 'LUKASZ', '1990-02-24', 'ARKEA', 'POL'),
(158, 'SWIFT', 'CONNOR', '1995-10-30', 'ARKEA', 'GBR'),
(161, 'EWAN', 'CALEB', '1994-07-11', 'LOTTO', 'AUS'),
(162, 'FRISON', 'FREDERIK', '1992-07-28', 'LOTTO', 'BEL'),
(163, 'GILBERT', 'PHILIPPE', '1982-07-05', 'LOTTO', 'BEL'),
(164, 'JANSE VAN RENSBURG', 'REINARDT', '1989-02-03', 'LOTTO', 'ZAF'),
(165, 'KRON', 'ANDREAS', '1998-06-01', 'LOTTO', 'DNK'),
(166, 'VAN MOER', 'BRENT', '1998-01-12', 'LOTTO', 'BEL'),
(167, 'VERMEERSCH', 'FLORIAN', '1999-03-12', 'LOTTO', 'BEL'),
(168, 'WELLENS', 'TIM', '1991-05-10', 'LOTTO', 'BEL'),
(171, 'PEDERSEN', 'MADS', '1995-12-18', 'TREK', 'DNK'),
(172, 'CICCONE', 'GIULIO', '1994-12-20', 'TREK', 'ITA'),
(173, 'GALLOPIN', 'TONY', '1988-05-24', 'TREK', 'FRA'),
(174, 'KIRSCH', 'ALEX', '1992-06-12', 'TREK', 'LUX'),
(175, 'MOLLEMA', 'BAUKE', '1986-11-26', 'TREK', 'NLD'),
(176, 'SIMMONS', 'QUINN', '2001-05-08', 'TREK', 'USA'),
(177, 'SKUJINS', 'TOMS', '1991-06-15', 'TREK', 'LVA'),
(178, 'STUYVEN', 'JASPER', '1992-04-17', 'TREK', 'BEL'),
(181, 'SAGAN', 'PETER', '1990-01-26', 'TOTAL', 'SVK'),
(182, 'BOASSON HAGEN', 'EDVALD', '1987-05-17', 'TOTAL', 'NOR'),
(183, 'BODNAR', 'MACIEJ', '1985-03-07', 'TOTAL', 'POL'),
(184, 'BURGAUDEAU', 'MATHIEU', '1998-11-17', 'TOTAL', 'FRA'),
(185, 'LATOUR', 'PIERRE', '1993-10-12', 'TOTAL', 'FRA'),
(186, 'OSS', 'DANIEL', '1987-01-13', 'TOTAL', 'ITA'),
(187, 'TURGIS', 'ANTHONY', '1994-05-16', 'TOTAL', 'FRA'),
(188, 'VUILLERMOZ', 'ALEXIS', '1988-06-01', 'TOTAL', 'FRA'),
(191, 'FROOME', 'CHRIS', '1985-05-20', 'ISR', 'GBR'),
(192, 'BOIVIN', 'GUILLAUME', '1989-05-25', 'ISR', 'CAN'),
(193, 'CLARKE', 'SIMON', '1986-07-18', 'ISR', 'AUS'),
(194, 'FUGLSANG', 'JAKOB', '1985-03-22', 'ISR', 'DNK'),
(195, 'NIV', 'GUY', '1994-03-08', 'ISR', 'ISR'),
(196, 'HOULE', 'HUGO', '1990-09-27', 'ISR', 'CAN'),
(197, 'NEILANDS', 'KRISTS', '1994-08-18', 'ISR', 'LVA'),
(198, 'WOODS', 'MICHAEL', '1986-10-12', 'ISR', 'CAN'),
(201, 'MATTHEWS', 'MICHAEL', '1990-09-26', 'BIKE', 'AUS'),
(202, 'BAUER', 'JACK', '1985-04-07', 'BIKE', 'NZL'),
(203, 'DURBRIDGE', 'LUKE', '1991-04-09', 'BIKE', 'AUS'),
(204, 'GROENEWEGEN', 'DYLAN', '1993-06-21', 'BIKE', 'NLD'),
(205, 'JANSEN', 'AMUND GRONDAHL', '1994-02-11', 'BIKE', 'NOR'),
(206, 'JUUL JENSEN', 'CHRISTOPHER', '1989-07-06', 'BIKE', 'DNK'),
(207, 'MEZGEC', 'LUKA', '1988-06-27', 'BIKE', 'SLO'),
(208, 'SCHULTZ', 'NICHOLAS', '1994-09-13', 'BIKE', 'AUS'),
(211, 'BONNAMOUR', 'FRANCK', '1995-06-20', 'KTM', 'FRA'),
(212, 'BARTHE', 'CYRIL', '1996-02-14', 'KTM', 'FRA'),
(213, 'GOUGEARD', 'ALEXIS', '1993-03-05', 'KTM', 'FRA'),
(214, 'LECROQ', 'JEREMY', '1995-04-07', 'KTM', 'FRA'),
(215, 'LEMOINE', 'CYRIL', '1983-03-03', 'KTM', 'FRA'),
(216, 'MOZZATO', 'LUCA', '1998-02-15', 'KTM', 'ITA'),
(217, 'ROLLAND', 'PIERRE', '1986-10-10', 'KTM', 'FRA'),
(218, 'SCHONBERGER', 'SEBASTIAN', '1994-05-14', 'KTM', 'AUT'),
(219, 'TRENTIN', 'MATTEO', '1989-08-02', 'UAE', 'ITA'),
(220, 'DECLERCQ', 'TIM', '1989-03-21', 'QUICK', 'BEL'),
(221, 'COQUARD', 'BRYAN', '1992-04-25', 'COFI', 'FRA');

-- --------------------------------------------------------

--
-- Structure de la table `Equipe`
--

CREATE TABLE `Equipe` (
  `numEquipe` varchar(50) NOT NULL,
  `nomEquipe` varchar(50) DEFAULT NULL,
  `codePays` varchar(3) NOT NULL
) ENGINE=InnoDB DEFAULT CHARSET=utf8mb4 COLLATE=utf8mb4_general_ci;

--
-- Déchargement des données de la table `Equipe`
--

INSERT INTO `Equipe` (`numEquipe`, `nomEquipe`, `codePays`) VALUES
('AG2R', 'AG2R CITROEN TEAM', 'FRA'),
('ALPE', 'ALPECIN - DECEUNINCK', 'BEL'),
('ARKEA', 'TEAM ARKEA - SAMSIC', 'FRA'),
('ASTANA', 'ASTANA - QAZAQSTAN TEAM', 'KAZ'),
('BIKE', 'TEAM BIKEEXCHANGE-JAYCO', 'AUS'),
('BORA', 'BORA - HANSGROHE', 'DEU'),
('BRN', 'BAHRAIN VICTORIOUS', 'BHR'),
('COFI', 'COFIDIS', 'FRA'),
('DSM', 'TEAM DSM', 'NLD'),
('EF', 'EF EDUCATION - EASYPOST', 'USA'),
('FDJ', 'GROUPAMA - FDJ', 'FRA'),
('INEOS', 'INEOS GRENADIERS', 'GBR'),
('INTER', 'INTERMARCHE - WANTY - GOBERT MATERIAUX', 'BEL'),
('ISR', 'ISRAEL-PREMIER TECH', 'ISR'),
('JUMBO', 'JUMBO - VISMA', 'NLD'),
('KTM', 'B&B HOTELS - KTM', 'FRA'),
('LOTTO', 'LOTTO SOUDAL', 'BEL'),
('MOVI', 'MOVISTAR TEAM', 'ESP'),
('QUICK', 'QUICK-STEP ALPHA VINYL TEAM', 'BEL'),
('TOTAL', 'TOTALENERGIES', 'FRA'),
('TREK', 'TREK - SEGAFREDO', 'USA'),
('UAE', 'UAE TEAM EMIRATES', 'ARE');

-- --------------------------------------------------------

--
-- Structure de la table `Etape`
--

CREATE TABLE `Etape` (
  `numEtape` int(11) NOT NULL,
  `dateEtape` date DEFAULT NULL,
  `distance` int(11) DEFAULT NULL,
  `numVille` int(11) NOT NULL,
  `numVille_1` int(11) NOT NULL,
  `idTypeEtape` int(11) NOT NULL
) ENGINE=InnoDB DEFAULT CHARSET=utf8mb4 COLLATE=utf8mb4_general_ci;

--
-- Déchargement des données de la table `Etape`
--

INSERT INTO `Etape` (`numEtape`, `dateEtape`, `distance`, `numVille`, `numVille_1`, `idTypeEtape`) VALUES
(1, '2022-07-01', 13, 15, 15, 4),
(2, '2022-07-02', 202, 17, 34, 2),
(3, '2022-07-03', 182, 7, 26, 2),
(4, '2022-07-05', 171, 13, 32, 1),
(5, '2022-07-06', 157, 19, 36, 1),
(6, '2022-07-07', 220, 10, 29, 1),
(7, '2022-07-08', 176, 5, 25, 3),
(8, '2022-07-09', 186, 2, 23, 1),
(9, '2022-07-10', 193, 12, 31, 3),
(10, '2022-07-12', 148, 11, 30, 1),
(11, '2022-07-13', 152, 21, 38, 3),
(12, '2022-07-14', 165, 20, 37, 3),
(13, '2022-07-15', 193, 14, 3, 2),
(14, '2022-07-16', 192, 3, 24, 1),
(15, '2022-07-17', 202, 6, 1, 2),
(16, '2022-07-19', 178, 1, 22, 1),
(17, '2022-07-20', 130, 9, 28, 3),
(18, '2022-07-21', 143, 16, 33, 3),
(19, '2022-07-22', 188, 18, 35, 2),
(20, '2022-07-23', 40, 8, 27, 4),
(21, '2022-07-24', 116, 4, 4, 2);

-- --------------------------------------------------------

--
-- Structure de la table `Pays`
--

CREATE TABLE `Pays` (
  `codePays` varchar(3) NOT NULL,
  `nomPays` varchar(100) DEFAULT NULL
) ENGINE=InnoDB DEFAULT CHARSET=utf8mb4 COLLATE=utf8mb4_general_ci;

--
-- Déchargement des données de la table `Pays`
--

INSERT INTO `Pays` (`codePays`, `nomPays`) VALUES
('ABW', 'Aruba'),
('AFG', 'Afghanistan'),
('AGO', 'Angola'),
('AIA', 'Anguilla'),
('ALA', 'Îles Åland'),
('ALB', 'Albanie'),
('AND', 'Andorre'),
('ANT', 'Antilles Néerlandaises'),
('ARE', 'Émirats Arabes Unis'),
('ARG', 'Argentine'),
('ARM', 'Arménie'),
('ASM', 'Samoa Américaines'),
('ATA', 'Antarctique'),
('ATF', 'Terres Australes Françaises'),
('ATG', 'Antigua-et-Barbuda'),
('AUS', 'Australie'),
('AUT', 'Autriche'),
('AZE', 'Azerbaïdjan'),
('BDI', 'Burundi'),
('BEL', 'Belgique'),
('BEN', 'Bénin'),
('BFA', 'Burkina Faso'),
('BGD', 'Bangladesh'),
('BGR', 'Bulgarie'),
('BHR', 'Bahreïn'),
('BHS', 'Bahamas'),
('BIH', 'Bosnie-Herzégovine'),
('BLR', 'Bélarus'),
('BLZ', 'Belize'),
('BMU', 'Bermudes'),
('BOL', 'Bolivie'),
('BRA', 'Brésil'),
('BRB', 'Barbade'),
('BRN', 'Brunéi Darussalam'),
('BTN', 'Bhoutan'),
('BVT', 'Île Bouvet'),
('BWA', 'Botswana'),
('CAF', 'République Centrafricaine'),
('CAN', 'Canada'),
('CCK', 'Îles Cocos (Keeling)'),
('CHE', 'Suisse'),
('CHL', 'Chili'),
('CHN', 'Chine'),
('CIV', 'Côte d\'Ivoire'),
('CMR', 'Cameroun'),
('COD', 'République Démocratique du Congo'),
('COG', 'République du Congo'),
('COK', 'Îles Cook'),
('COL', 'Colombie'),
('COM', 'Comores'),
('CPV', 'Cap-vert'),
('CRI', 'Costa Rica'),
('CUB', 'Cuba'),
('CXR', 'Île Christmas'),
('CYM', 'Îles Caïmanes'),
('CYP', 'Chypre'),
('CZE', 'République Tchèque'),
('DEU', 'Allemagne'),
('DJI', 'Djibouti'),
('DMA', 'Dominique'),
('DNK', 'Danemark'),
('DOM', 'République Dominicaine'),
('DZA', 'Algérie'),
('ECU', 'Équateur'),
('EGY', 'Égypte'),
('ERI', 'Érythrée'),
('ESH', 'Sahara Occidental'),
('ESP', 'Espagne'),
('EST', 'Estonie'),
('ETH', 'Éthiopie'),
('FIN', 'Finlande'),
('FJI', 'Fidji'),
('FLK', 'Îles (malvinas) Falkland'),
('FRA', 'France'),
('FRO', 'Îles Féroé'),
('FSM', 'États Fédérés de Micronésie'),
('GAB', 'Gabon'),
('GBR', 'Royaume-Uni'),
('GEO', 'Géorgie'),
('GHA', 'Ghana'),
('GIB', 'Gibraltar'),
('GIN', 'Guinée'),
('GLP', 'Guadeloupe'),
('GMB', 'Gambie'),
('GNB', 'Guinée-Bissau'),
('GNQ', 'Guinée Équatoriale'),
('GRC', 'Grèce'),
('GRD', 'Grenade'),
('GRL', 'Groenland'),
('GTM', 'Guatemala'),
('GUF', 'Guyane Française'),
('GUM', 'Guam'),
('GUY', 'Guyana'),
('HKG', 'Hong-Kong'),
('HMD', 'Îles Heard et Mcdonald'),
('HND', 'Honduras'),
('HRV', 'Croatie'),
('HTI', 'Haïti'),
('HUN', 'Hongrie'),
('IDN', 'Indonésie'),
('IMN', 'Île de Man'),
('IND', 'Inde'),
('IOT', 'Territoire Britannique de l\'Océan Indien'),
('IRL', 'Irlande'),
('IRN', 'République Islamique d\'Iran'),
('IRQ', 'Iraq'),
('ISL', 'Islande'),
('ISR', 'Israël'),
('ITA', 'Italie'),
('JAM', 'Jamaïque'),
('JOR', 'Jordanie'),
('JPN', 'Japon'),
('KAZ', 'Kazakhstan'),
('KEN', 'Kenya'),
('KGZ', 'Kirghizistan'),
('KHM', 'Cambodge'),
('KIR', 'Kiribati'),
('KNA', 'Saint-Kitts-et-Nevis'),
('KOR', 'République de Corée'),
('KWT', 'Koweït'),
('LAO', 'République Démocratique Populaire Lao'),
('LBN', 'Liban'),
('LBR', 'Libéria'),
('LBY', 'Jamahiriya Arabe Libyenne'),
('LCA', 'Sainte-Lucie'),
('LIE', 'Liechtenstein'),
('LKA', 'Sri Lanka'),
('LSO', 'Lesotho'),
('LTU', 'Lituanie'),
('LUX', 'Luxembourg'),
('LVA', 'Lettonie'),
('MAC', 'Macao'),
('MAR', 'Maroc'),
('MCO', 'Monaco'),
('MDA', 'République de Moldova'),
('MDG', 'Madagascar'),
('MDV', 'Maldives'),
('MEX', 'Mexique'),
('MHL', 'Îles Marshall'),
('MLI', 'Mali'),
('MLT', 'Malte'),
('MMR', 'Myanmar'),
('MNG', 'Mongolie'),
('MNP', 'Îles Mariannes du Nord'),
('MOZ', 'Mozambique'),
('MRT', 'Mauritanie'),
('MSR', 'Montserrat'),
('MTQ', 'Martinique'),
('MUS', 'Maurice'),
('MWI', 'Malawi'),
('MYS', 'Malaisie'),
('MYT', 'Mayotte'),
('NAM', 'Namibie'),
('NCL', 'Nouvelle-Calédonie'),
('NER', 'Niger'),
('NFK', 'Île Norfolk'),
('NGA', 'Nigéria'),
('NIC', 'Nicaragua'),
('NIU', 'Niué'),
('NLD', 'Pays-Bas'),
('NOR', 'Norvège'),
('NPL', 'Népal'),
('NRU', 'Nauru'),
('NZL', 'Nouvelle-Zélande'),
('OMN', 'Oman'),
('PAK', 'Pakistan'),
('PAN', 'Panama'),
('PCN', 'Pitcairn'),
('PER', 'Pérou'),
('PHL', 'Philippines'),
('PLW', 'Palaos'),
('PNG', 'Papouasie-Nouvelle-Guinée'),
('POL', 'Pologne'),
('PRI', 'Porto Rico'),
('PRK', 'République Populaire Démocratique de Corée'),
('PRT', 'Portugal'),
('PRY', 'Paraguay'),
('PSE', 'Territoire Palestinien Occupé'),
('PYF', 'Polynésie Française'),
('QAT', 'Qatar'),
('REU', 'Réunion'),
('ROU', 'Roumanie'),
('RUS', 'Fédération de Russie'),
('RWA', 'Rwanda'),
('SAU', 'Arabie Saoudite'),
('SCG', 'Serbie-et-Monténégro'),
('SDN', 'Soudan'),
('SEN', 'Sénégal'),
('SGP', 'Singapour'),
('SGS', 'Géorgie du Sud et les Îles Sandwich du Sud'),
('SHN', 'Sainte-Hélène'),
('SJM', 'Svalbard etÎle Jan Mayen'),
('SLB', 'Îles Salomon'),
('SLE', 'Sierra Leone'),
('SLO', 'Slovénie'),
('SLV', 'El Salvador'),
('SMR', 'Saint-Marin'),
('SOM', 'Somalie'),
('SPM', 'Saint-Pierre-et-Miquelon'),
('STP', 'Sao Tomé-et-Principe'),
('SUR', 'Suriname'),
('SVK', 'Slovaquie'),
('SWE', 'Suède'),
('SWZ', 'Swaziland'),
('SYC', 'Seychelles'),
('SYR', 'République Arabe Syrienne'),
('TCA', 'Îles Turks et Caïques'),
('TCD', 'Tchad'),
('TGO', 'Togo'),
('THA', 'Thaïlande'),
('TJK', 'Tadjikistan'),
('TKL', 'Tokelau'),
('TKM', 'Turkménistan'),
('TLS', 'Timor-Leste'),
('TON', 'Tonga'),
('TTO', 'Trinité-et-Tobago'),
('TUN', 'Tunisie'),
('TUR', 'Turquie'),
('TUV', 'Tuvalu'),
('TWN', 'Taïwan'),
('TZA', 'République-Unie de Tanzanie'),
('UGA', 'Ouganda'),
('UKR', 'Ukraine'),
('UMI', 'Îles Mineures Éloignées des États-Unis'),
('URY', 'Uruguay'),
('USA', 'États-Unis'),
('UZB', 'Ouzbékistan'),
('VAT', 'Saint-Siège (état de la Cité du Vatican)'),
('VCT', 'Saint-Vincent-et-les Grenadines'),
('VEN', 'Venezuela'),
('VGB', 'Îles Vierges Britanniques'),
('VIR', 'Îles Vierges des États-Unis'),
('VNM', 'Viet Nam'),
('VUT', 'Vanuatu'),
('WLF', 'Wallis et Futuna'),
('WSM', 'Samoa'),
('YEM', 'Yémen'),
('ZAF', 'Afrique du Sud'),
('ZMB', 'Zambie'),
('ZWE', 'Zimbabwe');

-- --------------------------------------------------------

--
-- Structure de la table `Performance`
--

CREATE TABLE `Performance` (
  `idPerformance` int(11) NOT NULL,
  `temps` varchar(50) DEFAULT NULL,
  `numEtape` int(11) DEFAULT NULL,
  `numDossard` int(11) NOT NULL
) ENGINE=InnoDB DEFAULT CHARSET=utf8mb4 COLLATE=utf8mb4_general_ci;

--
-- Déchargement des données de la table `Performance`
--

INSERT INTO `Performance` (`idPerformance`, `temps`, `numEtape`, `numDossard`) VALUES
(1, '4:29:41 ', 16, 1),
(2, '4:13:06 ', 8, 1),
(3, '4:43:27 ', 14, 1),
(4, '2:58:32 ', 21, 1),
(5, '3:58:40 ', 7, 1),
(6, '4:27:27 ', 15, 1),
(7, '4:11:33 ', 3, 1),
(8, '00:48:26 ', 20, 1),
(9, '3:25:51 ', 17, 1),
(10, '4:27:13 ', 6, 1),
(11, '3:27:44 ', 10, 1),
(12, '4:47:28 ', 9, 1),
(13, '4:01:44 ', 4, 1),
(14, '4:18:48 ', 13, 1),
(15, '00:15:24 ', 1, 1),
(16, '4:00:54 ', 18, 1),
(17, '4:34:34 ', 2, 1),
(18, '3:52:05 ', 19, 1),
(19, '3:14:26 ', 5, 1),
(20, '4:58:47 ', 12, 1),
(21, '4:20:53 ', 11, 1),
(22, '00:17:04 ', 1, 2),
(23, '4:12:12 ', 3, 2),
(24, '4:01:59 ', 7, 2),
(25, '4:15:13 ', 8, 2),
(26, '4:50:37 ', 9, 2),
(27, '3:17:47 ', 5, 2),
(28, '4:34:34 ', 2, 2),
(29, '4:01:44 ', 4, 2),
(30, '4:33:28 ', 6, 2),
(31, '4:11:33 ', 3, 3),
(32, '5:14:14 ', 9, 3),
(33, '4:28:17 ', 15, 3),
(34, '4:34:34 ', 2, 3),
(35, '3:45:12 ', 10, 3),
(36, '4:48:46 ', 16, 3),
(37, '00:16:23 ', 1, 3),
(38, '3:51:44 ', 17, 3),
(39, '3:32:07 ', 5, 3),
(40, '4:26:16 ', 13, 3),
(41, '4:21:20 ', 7, 3),
(42, '3:56:11 ', 19, 3),
(43, '4:25:02 ', 8, 3),
(44, '00:50:22 ', 20, 3),
(45, '4:54:19 ', 14, 3),
(46, '4:36:15 ', 18, 3),
(47, '3:01:21 ', 21, 3),
(48, '4:08:37 ', 4, 3),
(49, '4:57:34 ', 11, 3),
(50, '5:31:03 ', 12, 3),
(51, '3:25:17 ', 5, 4),
(52, '4:21:20 ', 7, 4),
(53, '4:12:12 ', 3, 4),
(54, '00:17:06 ', 1, 4),
(55, '4:05:28 ', 4, 4),
(56, '4:42:51 ', 2, 4),
(57, '4:19:06 ', 13, 5),
(58, '4:00:04 ', 7, 5),
(59, '3:22:59 ', 5, 5),
(60, '4:15:00 ', 3, 5),
(61, '3:28:49 ', 10, 5),
(62, '00:17:00 ', 1, 5),
(63, '4:37:55 ', 16, 5),
(64, '4:34:34 ', 2, 5),
(65, '5:03:10 ', 12, 5),
(66, '4:45:53 ', 14, 5),
(67, '4:05:28 ', 4, 5),
(68, '4:28:30 ', 15, 5),
(69, '4:47:39 ', 9, 5),
(70, '4:13:14 ', 8, 5),
(71, '4:24:40 ', 11, 5),
(72, '4:27:39 ', 6, 5),
(73, '2:59:25 ', 21, 6),
(74, '3:27:55 ', 10, 6),
(75, '4:47:51 ', 9, 6),
(76, '4:01:59 ', 7, 6),
(77, '3:16:34 ', 5, 6),
(78, '5:23:02 ', 12, 6),
(79, '4:27:18 ', 6, 6),
(80, '4:19:14 ', 13, 6),
(81, '4:42:47 ', 11, 6),
(82, '00:16:00 ', 1, 6),
(83, '4:11:33 ', 3, 6),
(84, '4:29:41 ', 16, 6),
(85, '3:54:30 ', 19, 6),
(86, '4:13:36 ', 8, 6),
(87, '4:01:44 ', 4, 6),
(88, '4:22:41 ', 18, 6),
(89, '00:53:30 ', 20, 6),
(90, '4:27:27 ', 15, 6),
(91, '4:34:34 ', 2, 6),
(92, '4:46:59 ', 14, 6),
(93, '3:26:23 ', 17, 6),
(94, '4:34:34 ', 2, 7),
(95, '5:08:17 ', 9, 7),
(96, '00:16:45 ', 1, 7),
(97, '3:16:34 ', 5, 7),
(98, '4:09:28 ', 7, 7),
(99, '4:19:39 ', 13, 7),
(100, '4:19:16 ', 8, 7),
(101, '3:33:32 ', 10, 7),
(102, '4:01:44 ', 4, 7),
(103, '4:31:43 ', 14, 7),
(104, '4:31:17 ', 6, 7),
(105, '4:47:01 ', 11, 7),
(106, '4:11:33 ', 3, 7),
(107, '5:10:33 ', 12, 7),
(108, '4:28:30 ', 15, 7),
(109, '3:58:18 ', 17, 8),
(110, '3:54:53 ', 19, 8),
(111, '4:15:00 ', 3, 8),
(112, '3:01:21 ', 21, 8),
(113, '5:24:22 ', 12, 8),
(114, '4:07:01 ', 4, 8),
(115, '4:57:01 ', 11, 8),
(116, '00:55:52 ', 20, 8),
(117, '3:32:07 ', 5, 8),
(118, '00:16:59 ', 1, 8),
(119, '3:45:12 ', 10, 8),
(120, '4:33:42 ', 18, 8),
(121, '4:34:34 ', 2, 8),
(122, '5:15:31 ', 9, 8),
(123, '4:19:16 ', 8, 8),
(124, '4:21:34 ', 7, 8),
(125, '4:44:43 ', 15, 8),
(126, '4:19:20 ', 13, 8),
(127, '4:54:16 ', 16, 8),
(128, '4:54:19 ', 14, 8),
(129, '00:15:33 ', 1, 11),
(130, '4:29:33 ', 11, 11),
(131, '3:16:34 ', 5, 11),
(132, '4:11:33 ', 3, 11),
(133, '5:06:30 ', 12, 11),
(134, '3:27:44 ', 10, 11),
(135, '4:47:31 ', 9, 11),
(136, '4:55:16 ', 14, 11),
(137, '4:13:06 ', 8, 11),
(138, '4:27:13 ', 6, 11),
(139, '4:19:01 ', 13, 11),
(140, '3:58:52 ', 7, 11),
(141, '4:01:44 ', 4, 11),
(142, '4:34:34 ', 2, 11),
(143, '4:48:46 ', 16, 12),
(144, '4:54:19 ', 14, 12),
(145, '4:18:48 ', 13, 12),
(146, '2:59:23 ', 21, 12),
(147, '4:11:33 ', 3, 12),
(148, '4:13:06 ', 8, 12),
(149, '4:28:33 ', 6, 12),
(150, '4:47:48 ', 9, 12),
(151, '4:15:33 ', 18, 12),
(152, '4:09:28 ', 7, 12),
(153, '4:34:34 ', 2, 12),
(154, '3:48:36 ', 17, 12),
(155, '3:17:03 ', 5, 12),
(156, '3:27:44 ', 10, 12),
(157, '5:17:20 ', 12, 12),
(158, '4:01:44 ', 4, 12),
(159, '4:31:49 ', 11, 12),
(160, '00:16:11 ', 1, 12),
(161, '3:54:12 ', 19, 12),
(162, '4:47:51 ', 15, 12),
(163, '00:52:33 ', 20, 12),
(164, '4:22:01 ', 11, 13),
(165, '5:00:10 ', 12, 13),
(166, '4:18:48 ', 13, 13),
(167, '4:11:33 ', 3, 13),
(168, '00:16:42 ', 1, 13),
(169, '4:34:34 ', 2, 13),
(170, '4:47:51 ', 9, 13),
(171, '3:17:47 ', 5, 13),
(172, '4:28:13 ', 6, 13),
(173, '4:15:11 ', 8, 13),
(174, '3:27:44 ', 10, 13),
(175, '4:01:44 ', 4, 13),
(176, '4:00:06 ', 7, 13),
(177, '4:45:53 ', 14, 13),
(178, '4:44:43 ', 15, 14),
(179, '3:17:47 ', 5, 14),
(180, '4:01:44 ', 4, 14),
(181, '2:59:23 ', 21, 14),
(182, '4:47:42 ', 9, 14),
(183, '4:58:50 ', 12, 14),
(184, '4:03:17 ', 18, 14),
(185, '4:11:33 ', 3, 14),
(186, '4:29:33 ', 11, 14),
(187, '00:51:52 ', 20, 14),
(188, '4:46:05 ', 14, 14),
(189, '3:59:21 ', 7, 14),
(190, '3:53:01 ', 19, 14),
(191, '4:13:48 ', 8, 14),
(192, '4:18:48 ', 13, 14),
(193, '3:27:44 ', 10, 14),
(194, '4:34:41 ', 6, 14),
(195, '4:29:44 ', 16, 14),
(196, '4:34:34 ', 2, 14),
(197, '00:16:24 ', 1, 14),
(198, '3:35:15 ', 17, 14),
(199, '3:51:37 ', 17, 15),
(200, '5:12:22 ', 9, 15),
(201, '4:14:35 ', 7, 15),
(202, '5:27:18 ', 12, 15),
(203, '4:48:42 ', 11, 15),
(204, '3:32:09 ', 10, 15),
(205, '00:54:15 ', 20, 15),
(206, '4:55:08 ', 16, 15),
(207, '4:11:33 ', 3, 15),
(208, '3:15:09 ', 5, 15),
(209, '4:32:50 ', 6, 15),
(210, '4:55:01 ', 14, 15),
(211, '2:59:23 ', 21, 15),
(212, '4:19:36 ', 8, 15),
(213, '4:01:44 ', 4, 15),
(214, '4:32:13 ', 18, 15),
(215, '00:15:53 ', 1, 15),
(216, '4:18:48 ', 13, 15),
(217, '4:34:34 ', 2, 15),
(218, '4:28:50 ', 15, 15),
(219, '3:52:04 ', 19, 15),
(220, '4:02:00 ', 18, 16),
(221, '00:15:22 ', 1, 16),
(222, '4:18:48 ', 13, 16),
(223, '5:13:49 ', 12, 16),
(224, '4:34:41 ', 6, 16),
(225, '2:59:23 ', 21, 16),
(226, '00:47:59 ', 20, 16),
(227, '4:35:29 ', 11, 16),
(228, '4:13:06 ', 8, 16),
(229, '3:54:30 ', 19, 16),
(230, '4:29:41 ', 16, 16),
(231, '3:29:16 ', 10, 16),
(232, '4:59:10 ', 9, 16),
(233, '4:27:27 ', 15, 16),
(234, '3:47:12 ', 17, 16),
(235, '3:14:39 ', 5, 16),
(236, '4:11:33 ', 3, 16),
(237, '4:50:00 ', 14, 16),
(238, '4:09:42 ', 7, 16),
(239, '4:01:36 ', 4, 16),
(240, '4:34:34 ', 2, 16),
(241, '4:34:41 ', 6, 17),
(242, '3:54:30 ', 19, 17),
(243, '5:23:30 ', 12, 17),
(244, '4:11:33 ', 3, 17),
(245, '4:44:43 ', 15, 17),
(246, '4:34:34 ', 2, 17),
(247, '4:32:13 ', 18, 17),
(248, '00:16:09 ', 1, 17),
(249, '5:14:14 ', 9, 17),
(250, '4:16:11 ', 7, 17),
(251, '4:52:11 ', 11, 17),
(252, '4:55:10 ', 14, 17),
(253, '3:43:25 ', 10, 17),
(254, '3:52:23 ', 17, 17),
(255, '4:05:28 ', 4, 17),
(256, '4:19:18 ', 13, 17),
(257, '4:22:42 ', 8, 17),
(258, '4:43:16 ', 16, 17),
(259, '3:16:34 ', 5, 17),
(260, '3:52:05 ', 19, 18),
(261, '4:01:44 ', 4, 18),
(262, '4:18:48 ', 13, 18),
(263, '00:48:18 ', 20, 18),
(264, '4:11:33 ', 3, 18),
(265, '4:47:28 ', 9, 18),
(266, '4:58:47 ', 12, 18),
(267, '3:25:51 ', 17, 18),
(268, '3:58:40 ', 7, 18),
(269, '4:27:27 ', 15, 18),
(270, '3:27:44 ', 10, 18),
(271, '4:34:34 ', 2, 18),
(272, '3:14:39 ', 5, 18),
(273, '4:27:13 ', 6, 18),
(274, '4:29:41 ', 16, 18),
(275, '2:59:23 ', 21, 18),
(276, '4:18:02 ', 11, 18),
(277, '4:43:27 ', 14, 18),
(278, '00:15:32 ', 1, 18),
(279, '3:59:50 ', 18, 18),
(280, '4:13:06 ', 8, 18),
(281, '3:27:44 ', 10, 21),
(282, '4:27:18 ', 6, 21),
(283, '4:18:48 ', 13, 21),
(284, '4:27:27 ', 15, 21),
(285, '4:34:34 ', 2, 21),
(286, '4:11:33 ', 3, 21),
(287, '4:01:44 ', 4, 21),
(288, '00:48:31 ', 20, 21),
(289, '4:29:41 ', 16, 21),
(290, '3:52:05 ', 19, 21),
(291, '3:27:58 ', 17, 21),
(292, '4:13:06 ', 8, 21),
(293, '2:58:32 ', 21, 21),
(294, '3:58:54 ', 7, 21),
(295, '4:02:44 ', 18, 21),
(296, '3:14:39 ', 5, 21),
(297, '00:15:42 ', 1, 21),
(298, '4:43:44 ', 14, 21),
(299, '4:19:40 ', 11, 21),
(300, '4:58:47 ', 12, 21),
(301, '4:47:31 ', 9, 21),
(302, '4:02:59 ', 18, 22),
(303, '4:31:14 ', 15, 22),
(304, '3:14:39 ', 5, 22),
(305, '4:01:35 ', 19, 22),
(306, '5:02:41 ', 9, 22),
(307, '4:34:58 ', 14, 22),
(308, '3:59:25 ', 7, 22),
(309, '3:51:10 ', 17, 22),
(310, '4:01:44 ', 4, 22),
(311, '00:50:57 ', 20, 22),
(312, '3:39:18 ', 10, 22),
(313, '4:27:13 ', 6, 22),
(314, '4:29:44 ', 16, 22),
(315, '4:34:34 ', 2, 22),
(316, '2:59:42 ', 21, 22),
(317, '00:16:01 ', 1, 22),
(318, '4:26:16 ', 13, 22),
(319, '4:50:22 ', 11, 22),
(320, '4:13:06 ', 8, 22),
(321, '5:15:04 ', 12, 22),
(322, '4:11:33 ', 3, 22),
(323, '4:49:38 ', 11, 23),
(324, '3:35:50 ', 10, 23),
(325, '4:40:37 ', 16, 23),
(326, '4:33:28 ', 6, 23),
(327, '2:59:17 ', 21, 23),
(328, '3:32:07 ', 5, 23),
(329, '00:15:53 ', 1, 23),
(330, '4:47:01 ', 9, 23),
(331, '4:15:00 ', 3, 23),
(332, '4:32:32 ', 15, 23),
(333, '3:34:13 ', 17, 23),
(334, '00:54:30 ', 20, 23),
(335, '4:01:35 ', 19, 23),
(336, '4:34:34 ', 2, 23),
(337, '4:07:01 ', 4, 23),
(338, '4:17:04 ', 18, 23),
(339, '4:19:20 ', 13, 23),
(340, '4:15:44 ', 8, 23),
(341, '4:49:18 ', 14, 23),
(342, '5:27:29 ', 12, 23),
(343, '4:02:49 ', 7, 23),
(344, '4:35:25 ', 18, 24),
(345, '00:48:41 ', 20, 24),
(346, '3:18:40 ', 5, 24),
(347, '00:15:27 ', 1, 24),
(348, '3:56:04 ', 19, 24),
(349, '4:34:34 ', 2, 24),
(350, '4:20:48 ', 8, 24),
(351, '4:55:08 ', 16, 24),
(352, '4:07:01 ', 4, 24),
(353, '4:12:12 ', 3, 24),
(354, '3:53:25 ', 17, 24),
(355, '4:52:11 ', 11, 24),
(356, '3:35:41 ', 10, 24),
(357, '5:10:17 ', 9, 24),
(358, '4:37:37 ', 6, 24),
(359, '4:54:19 ', 14, 24),
(360, '4:13:35 ', 13, 24),
(361, '4:47:43 ', 15, 24),
(362, '5:15:04 ', 12, 24),
(363, '3:00:46 ', 21, 24),
(364, '4:12:13 ', 7, 24),
(365, '2:59:30 ', 21, 25),
(366, '4:27:57 ', 11, 25),
(367, '4:44:37 ', 14, 25),
(368, '00:15:41 ', 1, 25),
(369, '4:34:34 ', 2, 25),
(370, '4:18:48 ', 13, 25),
(371, '3:59:25 ', 7, 25),
(372, '4:13:06 ', 8, 25),
(373, '3:27:44 ', 10, 25),
(374, '4:27:27 ', 15, 25),
(375, '3:14:39 ', 5, 25),
(376, '3:53:57 ', 19, 25),
(377, '4:47:35 ', 9, 25),
(378, '4:27:13 ', 6, 25),
(379, '3:47:57 ', 17, 25),
(380, '00:54:34 ', 20, 25),
(381, '4:20:17 ', 18, 25),
(382, '4:31:03 ', 16, 25),
(383, '4:55:24 ', 12, 25),
(384, '4:11:33 ', 3, 25),
(385, '4:01:44 ', 4, 25),
(386, '4:11:56 ', 3, 26),
(387, '3:52:17 ', 17, 26),
(388, '4:29:47 ', 15, 26),
(389, '4:13:38 ', 7, 26),
(390, '4:36:24 ', 6, 26),
(391, '4:34:34 ', 18, 26),
(392, '4:56:28 ', 14, 26),
(393, '4:07:01 ', 4, 26),
(394, '3:22:59 ', 5, 26),
(395, '4:18:58 ', 13, 26),
(396, '4:55:08 ', 16, 26),
(397, '4:20:48 ', 8, 26),
(398, '5:27:29 ', 12, 26),
(399, '5:14:14 ', 9, 26),
(400, '3:00:46 ', 21, 26),
(401, '3:56:04 ', 19, 26),
(402, '4:53:50 ', 11, 26),
(403, '3:40:35 ', 10, 26),
(404, '4:34:34 ', 2, 26),
(405, '00:55:06 ', 20, 26),
(406, '00:17:24 ', 1, 26),
(407, '4:01:44 ', 4, 27),
(408, '5:15:04 ', 12, 27),
(409, '3:19:00 ', 10, 27),
(410, '4:07:05 ', 7, 27),
(411, '4:28:52 ', 15, 27),
(412, '2:58:55 ', 21, 27),
(413, '4:17:05 ', 8, 27),
(414, '4:34:34 ', 2, 27),
(415, '4:50:00 ', 14, 27),
(416, '3:22:59 ', 5, 27),
(417, '4:32:50 ', 6, 27),
(418, '4:19:10 ', 13, 27),
(419, '4:11:56 ', 3, 27),
(420, '5:05:24 ', 9, 27),
(421, '3:32:20 ', 17, 27),
(422, '4:45:18 ', 11, 27),
(423, '00:16:51 ', 1, 27),
(424, '4:22:41 ', 18, 27),
(425, '4:44:32 ', 16, 27),
(426, '3:52:05 ', 19, 27),
(427, '00:50:29 ', 20, 27),
(428, '4:27:13 ', 6, 28),
(429, '4:59:25 ', 12, 28),
(430, '4:18:48 ', 13, 28),
(431, '4:31:03 ', 16, 28),
(432, '4:20:12 ', 11, 28),
(433, '4:11:33 ', 3, 28),
(434, '00:53:24 ', 20, 28),
(435, '4:43:49 ', 14, 28),
(436, '4:47:31 ', 9, 28),
(437, '4:05:24 ', 18, 28),
(438, '3:34:50 ', 17, 28),
(439, '00:15:40 ', 1, 28),
(440, '3:27:44 ', 10, 28),
(441, '3:59:09 ', 7, 28),
(442, '3:52:25 ', 19, 28),
(443, '3:14:39 ', 5, 28),
(444, '2:58:32 ', 21, 28),
(445, '4:13:06 ', 8, 28),
(446, '4:34:34 ', 2, 28),
(447, '4:27:27 ', 15, 28),
(448, '4:01:44 ', 4, 28),
(449, '3:17:47 ', 5, 31),
(450, '00:16:18 ', 1, 31),
(451, '4:05:25 ', 7, 31),
(452, '4:29:50 ', 6, 31),
(453, '4:22:17 ', 8, 31),
(454, '4:01:44 ', 4, 31),
(455, '5:14:14 ', 9, 31),
(456, '4:11:33 ', 3, 31),
(457, '4:34:34 ', 2, 31),
(458, '4:09:42 ', 7, 32),
(459, '4:01:44 ', 4, 32),
(460, '4:31:17 ', 6, 32),
(461, '4:14:45 ', 3, 32),
(462, '3:25:17 ', 5, 32),
(463, '00:16:39 ', 1, 32),
(464, '4:34:34 ', 2, 32),
(465, '4:27:51 ', 15, 33),
(466, '5:24:22 ', 12, 33),
(467, '4:34:34 ', 2, 33),
(468, '3:33:32 ', 10, 33),
(469, '3:25:17 ', 5, 33),
(470, '4:54:16 ', 9, 33),
(471, '4:16:58 ', 8, 33),
(472, '4:45:08 ', 11, 33),
(473, '4:01:44 ', 4, 33),
(474, '4:11:33 ', 3, 33),
(475, '4:32:50 ', 6, 33),
(476, '00:17:15 ', 1, 33),
(477, '4:52:43 ', 14, 33),
(478, '4:06:57 ', 7, 33),
(479, '4:19:06 ', 13, 33),
(480, '3:40:25 ', 10, 34),
(481, '5:24:22 ', 12, 34),
(482, '4:33:08 ', 13, 34),
(483, '3:53:20 ', 19, 34),
(484, '3:25:17 ', 5, 34),
(485, '4:11:52 ', 7, 34),
(486, '4:47:51 ', 15, 34),
(487, '4:48:43 ', 16, 34),
(488, '4:27:47 ', 6, 34),
(489, '4:34:34 ', 2, 34),
(490, '4:39:40 ', 14, 34),
(491, '4:52:08 ', 11, 34),
(492, '4:12:12 ', 3, 34),
(493, '4:01:44 ', 4, 34),
(494, '3:01:33 ', 21, 34),
(495, '4:19:22 ', 8, 34),
(496, '3:52:17 ', 17, 34),
(497, '5:00:52 ', 9, 34),
(498, '00:55:52 ', 20, 34),
(499, '4:32:13 ', 18, 34),
(500, '00:16:39 ', 1, 34),
(501, '00:52:38 ', 20, 35),
(502, '3:28:15 ', 5, 35),
(503, '4:34:34 ', 2, 35),
(504, '4:07:11 ', 7, 35),
(505, '3:36:07 ', 10, 35),
(506, '3:48:36 ', 17, 35),
(507, '4:47:44 ', 11, 35),
(508, '5:23:02 ', 12, 35),
(509, '4:32:13 ', 18, 35),
(510, '4:54:19 ', 14, 35),
(511, '4:48:41 ', 16, 35),
(512, '4:01:44 ', 4, 35),
(513, '4:12:12 ', 3, 35),
(514, '00:16:45 ', 1, 35),
(515, '5:05:24 ', 9, 35),
(516, '4:19:22 ', 8, 35),
(517, '4:18:48 ', 13, 35),
(518, '3:00:03 ', 21, 35),
(519, '3:54:43 ', 19, 35),
(520, '4:27:27 ', 15, 35),
(521, '4:32:50 ', 6, 35),
(522, '4:10:28 ', 18, 36),
(523, '3:31:14 ', 17, 36),
(524, '00:15:40 ', 1, 36),
(525, '2:58:32 ', 21, 36),
(526, '4:46:39 ', 9, 36),
(527, '4:12:12 ', 3, 36),
(528, '4:01:44 ', 4, 36),
(529, '4:13:06 ', 8, 36),
(530, '3:27:44 ', 10, 36),
(531, '4:18:48 ', 13, 36),
(532, '4:31:55 ', 11, 36),
(533, '3:17:54 ', 5, 36),
(534, '4:34:34 ', 2, 36),
(535, '5:01:30 ', 12, 36),
(536, '4:27:39 ', 6, 36),
(537, '00:51:45 ', 20, 36),
(538, '4:32:28 ', 16, 36),
(539, '4:27:27 ', 15, 36),
(540, '4:00:19 ', 7, 36),
(541, '3:52:29 ', 19, 36),
(542, '4:44:46 ', 14, 36),
(543, '5:14:14 ', 9, 37),
(544, '4:09:35 ', 7, 37),
(545, '00:16:49 ', 1, 37),
(546, '4:12:12 ', 3, 37),
(547, '4:34:41 ', 6, 37),
(548, '4:01:44 ', 4, 37),
(549, '3:45:12 ', 10, 37),
(550, '4:34:34 ', 2, 37),
(551, '4:19:22 ', 8, 37),
(552, '3:18:31 ', 5, 37),
(553, '4:46:05 ', 14, 38),
(554, '4:34:34 ', 2, 38),
(555, '3:59:55 ', 7, 38),
(556, '3:14:39 ', 5, 38),
(557, '5:23:02 ', 12, 38),
(558, '3:27:44 ', 10, 38),
(559, '4:13:24 ', 8, 38),
(560, '4:27:27 ', 15, 38),
(561, '4:11:33 ', 3, 38),
(562, '00:16:17 ', 1, 38),
(563, '4:27:18 ', 6, 38),
(564, '4:01:44 ', 4, 38),
(565, '4:19:01 ', 13, 38),
(566, '4:47:44 ', 11, 38),
(567, '4:47:51 ', 9, 38),
(568, '4:25:27 ', 16, 41),
(569, '4:01:44 ', 4, 41),
(570, '4:27:18 ', 6, 41),
(571, '4:43:53 ', 14, 41),
(572, '4:11:33 ', 3, 41),
(573, '3:29:23 ', 17, 41),
(574, '2:58:32 ', 21, 41),
(575, '4:00:19 ', 7, 41),
(576, '4:22:42 ', 11, 41),
(577, '4:13:06 ', 8, 41),
(578, '00:50:45 ', 20, 41),
(579, '4:27:27 ', 15, 41),
(580, '00:15:48 ', 1, 41),
(581, '4:18:48 ', 13, 41),
(582, '4:03:54 ', 18, 41),
(583, '5:01:30 ', 12, 41),
(584, '4:34:34 ', 2, 41),
(585, '3:14:39 ', 5, 41),
(586, '3:27:44 ', 10, 41),
(587, '4:47:55 ', 9, 41),
(588, '3:52:05 ', 19, 41),
(589, '4:34:34 ', 2, 42),
(590, '3:39:54 ', 17, 42),
(591, '4:11:33 ', 3, 42),
(592, '4:32:13 ', 18, 42),
(593, '3:45:12 ', 10, 42),
(594, '4:52:11 ', 11, 42),
(595, '4:19:20 ', 13, 42),
(596, '3:17:47 ', 5, 42),
(597, '3:55:10 ', 19, 42),
(598, '3:00:21 ', 21, 42),
(599, '00:51:42 ', 20, 42),
(600, '4:31:59 ', 14, 42),
(601, '4:16:39 ', 8, 42),
(602, '4:01:44 ', 4, 42),
(603, '4:32:50 ', 6, 42),
(604, '5:02:41 ', 9, 42),
(605, '4:43:16 ', 16, 42),
(606, '4:31:14 ', 15, 42),
(607, '4:11:52 ', 7, 42),
(608, '5:23:02 ', 12, 42),
(609, '00:16:21 ', 1, 42),
(610, '4:11:52 ', 7, 43),
(611, '2:59:32 ', 21, 43),
(612, '4:52:43 ', 14, 43),
(613, '4:34:34 ', 2, 43),
(614, '4:48:34 ', 11, 43),
(615, '4:07:01 ', 4, 43),
(616, '5:10:17 ', 9, 43),
(617, '4:34:49 ', 18, 43),
(618, '4:37:37 ', 6, 43),
(619, '4:18:48 ', 13, 43),
(620, '4:28:15 ', 15, 43),
(621, '3:33:32 ', 10, 43),
(622, '4:12:04 ', 3, 43),
(623, '3:55:56 ', 19, 43),
(624, '00:54:46 ', 20, 43),
(625, '3:52:25 ', 17, 43),
(626, '3:17:47 ', 5, 43),
(627, '4:18:11 ', 8, 43),
(628, '00:16:17 ', 1, 43),
(629, '4:55:08 ', 16, 43),
(630, '5:26:17 ', 12, 43),
(631, '4:01:44 ', 4, 44),
(632, '4:11:33 ', 3, 44),
(633, '3:16:34 ', 5, 44),
(634, '3:19:12 ', 10, 44),
(635, '4:27:39 ', 6, 44),
(636, '4:44:43 ', 15, 44),
(637, '3:58:54 ', 7, 44),
(638, '4:34:34 ', 2, 44),
(639, '4:49:08 ', 9, 44),
(640, '00:15:42 ', 1, 44),
(641, '4:16:39 ', 8, 44),
(642, '4:32:05 ', 14, 44),
(643, '5:24:22 ', 12, 44),
(644, '4:19:20 ', 13, 44),
(645, '4:46:47 ', 11, 44),
(646, '3:33:08 ', 17, 45),
(647, '4:28:27 ', 6, 45),
(648, '3:14:39 ', 5, 45),
(649, '3:52:25 ', 19, 45),
(650, '4:09:52 ', 18, 45),
(651, '4:45:18 ', 11, 45),
(652, '4:27:51 ', 15, 45),
(653, '4:34:34 ', 2, 45),
(654, '5:06:30 ', 12, 45),
(655, '4:31:51 ', 14, 45),
(656, '4:01:44 ', 4, 45),
(657, '4:32:28 ', 16, 45),
(658, '2:59:25 ', 21, 45),
(659, '4:11:33 ', 3, 45),
(660, '4:14:04 ', 8, 45),
(661, '4:48:21 ', 9, 45),
(662, '00:53:12 ', 20, 45),
(663, '4:18:58 ', 13, 45),
(664, '3:27:44 ', 10, 45),
(665, '00:15:56 ', 1, 45),
(666, '4:02:14 ', 7, 45),
(667, '4:48:46 ', 16, 46),
(668, '4:48:34 ', 11, 46),
(669, '4:37:37 ', 6, 46),
(670, '3:29:48 ', 10, 46),
(671, '3:14:39 ', 5, 46),
(672, '3:00:21 ', 21, 46),
(673, '4:28:14 ', 15, 46),
(674, '4:06:57 ', 7, 46),
(675, '00:16:41 ', 1, 46),
(676, '3:52:17 ', 17, 46),
(677, '5:05:53 ', 9, 46),
(678, '5:23:02 ', 12, 46),
(679, '00:50:02 ', 20, 46),
(680, '4:54:19 ', 14, 46),
(681, '4:16:00 ', 8, 46),
(682, '4:31:21 ', 18, 46),
(683, '4:01:44 ', 4, 46),
(684, '4:18:48 ', 13, 46),
(685, '4:34:34 ', 2, 46),
(686, '3:52:39 ', 19, 46),
(687, '4:11:33 ', 3, 46),
(688, '4:15:24 ', 8, 47),
(689, '5:09:35 ', 9, 47),
(690, '3:29:56 ', 10, 47),
(691, '4:02:14 ', 7, 47),
(692, '4:34:34 ', 2, 47),
(693, '4:01:44 ', 4, 47),
(694, '4:53:35 ', 16, 47),
(695, '5:23:02 ', 12, 47),
(696, '00:49:36 ', 20, 47),
(697, '3:49:28 ', 17, 47),
(698, '4:14:13 ', 18, 47),
(699, '4:11:33 ', 3, 47),
(700, '4:39:43 ', 11, 47),
(701, '4:27:51 ', 15, 47),
(702, '00:15:54 ', 1, 47),
(703, '3:53:01 ', 19, 47),
(704, '4:28:27 ', 6, 47),
(705, '3:03:56 ', 21, 47),
(706, '4:26:16 ', 13, 47),
(707, '4:52:43 ', 14, 47),
(708, '3:14:39 ', 5, 47),
(709, '3:52:17 ', 17, 48),
(710, '00:16:40 ', 1, 48),
(711, '4:34:34 ', 2, 48),
(712, '4:54:19 ', 14, 48),
(713, '4:55:08 ', 16, 48),
(714, '4:26:16 ', 13, 48),
(715, '4:11:33 ', 3, 48),
(716, '3:45:12 ', 10, 48),
(717, '5:14:14 ', 9, 48),
(718, '4:32:13 ', 18, 48),
(719, '2:58:32 ', 21, 48),
(720, '4:50:39 ', 11, 48),
(721, '4:27:27 ', 15, 48),
(722, '4:15:39 ', 7, 48),
(723, '5:24:22 ', 12, 48),
(724, '3:25:17 ', 5, 48),
(725, '4:27:58 ', 8, 48),
(726, '00:56:03 ', 20, 48),
(727, '4:37:37 ', 6, 48),
(728, '3:56:04 ', 19, 48),
(729, '4:01:44 ', 4, 48),
(730, '4:02:39 ', 17, 51),
(731, '4:19:22 ', 8, 51),
(732, '3:14:39 ', 5, 51),
(733, '4:55:08 ', 16, 51),
(734, '4:33:08 ', 13, 51),
(735, '4:34:34 ', 2, 51),
(736, '4:58:10 ', 11, 51),
(737, '4:11:33 ', 3, 51),
(738, '4:01:44 ', 4, 51),
(739, '3:55:32 ', 19, 51),
(740, '4:21:20 ', 7, 51),
(741, '3:45:46 ', 10, 51),
(742, '5:35:27 ', 12, 51),
(743, '4:47:43 ', 15, 51),
(744, '00:56:13 ', 20, 51),
(745, '2:58:32 ', 21, 51),
(746, '5:21:24 ', 9, 51),
(747, '4:34:41 ', 6, 51),
(748, '00:16:49 ', 1, 51),
(749, '4:36:30 ', 18, 51),
(750, '4:56:14 ', 14, 51),
(751, '4:38:41 ', 6, 52),
(752, '4:34:34 ', 2, 52),
(753, '4:12:12 ', 3, 52),
(754, '4:04:37 ', 4, 52),
(755, '00:16:05 ', 1, 52),
(756, '3:22:59 ', 5, 52),
(757, '4:20:53 ', 7, 52),
(758, '4:27:58 ', 8, 52),
(759, '4:12:12 ', 3, 53),
(760, '4:55:10 ', 14, 53),
(761, '4:12:09 ', 7, 53),
(762, '4:46:10 ', 11, 53),
(763, '00:16:09 ', 1, 53),
(764, '3:02:46 ', 21, 53),
(765, '5:21:24 ', 9, 53),
(766, '4:34:34 ', 2, 53),
(767, '4:36:24 ', 6, 53),
(768, '3:56:04 ', 19, 53),
(769, '4:36:30 ', 18, 53),
(770, '4:19:20 ', 13, 53),
(771, '4:07:01 ', 4, 53),
(772, '3:22:59 ', 5, 53),
(773, '3:33:54 ', 10, 53),
(774, '4:27:12 ', 8, 53),
(775, '00:52:40 ', 20, 53),
(776, '4:48:46 ', 16, 53),
(777, '5:06:03 ', 12, 53),
(778, '4:44:43 ', 15, 53),
(779, '3:51:10 ', 17, 53),
(780, '5:25:44 ', 12, 54),
(781, '4:11:33 ', 3, 54),
(782, '4:36:30 ', 18, 54),
(783, '00:15:47 ', 1, 54),
(784, '4:19:22 ', 8, 54),
(785, '4:26:16 ', 13, 54),
(786, '4:27:39 ', 6, 54),
(787, '4:47:43 ', 15, 54),
(788, '3:02:04 ', 21, 54),
(789, '3:58:13 ', 19, 54),
(790, '4:34:34 ', 2, 54),
(791, '4:01:16 ', 7, 54),
(792, '4:47:52 ', 11, 54),
(793, '4:01:44 ', 4, 54),
(794, '3:14:39 ', 5, 54),
(795, '3:51:10 ', 17, 54),
(796, '5:21:24 ', 9, 54),
(797, '3:33:54 ', 10, 54),
(798, '00:49:24 ', 20, 54),
(799, '4:55:08 ', 16, 54),
(800, '4:55:16 ', 14, 54),
(801, '00:52:32 ', 20, 55),
(802, '00:16:22 ', 1, 55),
(803, '5:32:45 ', 12, 55),
(804, '4:36:30 ', 18, 55),
(805, '4:18:48 ', 13, 55),
(806, '5:21:24 ', 9, 55),
(807, '3:45:12 ', 10, 55),
(808, '4:03:10 ', 4, 55),
(809, '4:56:12 ', 11, 55),
(810, '4:29:32 ', 16, 55),
(811, '3:14:39 ', 5, 55),
(812, '4:14:04 ', 8, 55),
(813, '4:02:51 ', 19, 55),
(814, '4:44:43 ', 15, 55),
(815, '4:34:34 ', 2, 55),
(816, '3:05:16 ', 21, 55),
(817, '4:12:12 ', 3, 55),
(818, '4:14:40 ', 7, 55),
(819, '4:54:19 ', 14, 55),
(820, '3:58:07 ', 17, 55),
(821, '4:36:30 ', 18, 56),
(822, '4:44:43 ', 15, 56),
(823, '3:00:03 ', 21, 56),
(824, '4:56:14 ', 14, 56),
(825, '4:29:04 ', 6, 56),
(826, '5:34:28 ', 12, 56),
(827, '3:14:39 ', 5, 56),
(828, '4:57:01 ', 11, 56),
(829, '4:11:33 ', 3, 56),
(830, '3:52:05 ', 19, 56),
(831, '4:19:22 ', 8, 56),
(832, '5:21:24 ', 9, 56),
(833, '4:54:16 ', 16, 56),
(834, '00:55:23 ', 20, 56),
(835, '3:57:54 ', 17, 56),
(836, '00:15:17 ', 1, 56),
(837, '3:45:12 ', 10, 56),
(838, '4:01:44 ', 4, 56),
(839, '4:34:34 ', 2, 56),
(840, '4:26:16 ', 13, 56),
(841, '4:11:52 ', 7, 56),
(842, '4:58:10 ', 11, 57),
(843, '5:35:27 ', 12, 57),
(844, '00:16:14 ', 1, 57),
(845, '4:38:41 ', 6, 57),
(846, '5:21:24 ', 9, 57),
(847, '4:27:58 ', 8, 57),
(848, '4:33:08 ', 13, 57),
(849, '3:16:34 ', 5, 57),
(850, '4:11:33 ', 3, 57),
(851, '4:21:20 ', 7, 57),
(852, '4:34:34 ', 2, 57),
(853, '4:03:04 ', 4, 57),
(854, '3:45:46 ', 10, 57),
(855, '4:58:57 ', 14, 57),
(856, '4:34:34 ', 2, 58),
(857, '4:55:59 ', 14, 58),
(858, '3:52:05 ', 19, 58),
(859, '3:17:47 ', 5, 58),
(860, '4:18:48 ', 13, 58),
(861, '00:16:11 ', 1, 58),
(862, '5:21:24 ', 9, 58),
(863, '4:57:01 ', 11, 58),
(864, '4:11:46 ', 3, 58),
(865, '4:11:52 ', 7, 58),
(866, '4:55:08 ', 16, 58),
(867, '3:57:58 ', 17, 58),
(868, '4:01:44 ', 4, 58),
(869, '4:17:09 ', 8, 58),
(870, '5:32:45 ', 12, 58),
(871, '00:55:53 ', 20, 58),
(872, '4:35:26 ', 6, 58),
(873, '4:36:30 ', 18, 58),
(874, '4:27:27 ', 15, 58),
(875, '2:58:55 ', 21, 58),
(876, '3:45:12 ', 10, 58),
(877, '3:27:44 ', 10, 61),
(878, '4:58:50 ', 12, 61),
(879, '4:47:31 ', 9, 61),
(880, '4:18:48 ', 13, 61),
(881, '4:43:53 ', 14, 61),
(882, '4:27:27 ', 15, 61),
(883, '4:26:10 ', 11, 61),
(884, '3:59:01 ', 7, 61),
(885, '4:13:06 ', 8, 61),
(886, '3:29:35 ', 17, 61),
(887, '4:07:13 ', 18, 61),
(888, '00:16:13 ', 1, 61),
(889, '4:01:44 ', 4, 61),
(890, '4:34:34 ', 2, 61),
(891, '4:11:33 ', 3, 61),
(892, '4:32:28 ', 16, 61),
(893, '3:14:39 ', 5, 61),
(894, '4:27:13 ', 6, 61),
(895, '5:21:12 ', 12, 62),
(896, '4:05:28 ', 4, 62),
(897, '4:47:44 ', 11, 62),
(898, '4:18:48 ', 13, 62),
(899, '4:27:51 ', 15, 62),
(900, '4:12:12 ', 3, 62),
(901, '4:17:59 ', 8, 62),
(902, '4:09:28 ', 7, 62),
(903, '4:34:34 ', 2, 62),
(904, '4:48:43 ', 16, 62),
(905, '3:16:34 ', 5, 62),
(906, '4:54:19 ', 14, 62),
(907, '4:34:27 ', 6, 62),
(908, '00:16:31 ', 1, 62),
(909, '3:50:59 ', 17, 62),
(910, '5:14:14 ', 9, 62),
(911, '3:40:09 ', 10, 62),
(912, '4:14:17 ', 18, 63),
(913, '4:32:50 ', 6, 63),
(914, '4:34:34 ', 2, 63),
(915, '4:40:37 ', 16, 63),
(916, '3:37:00 ', 17, 63),
(917, '3:16:34 ', 5, 63),
(918, '00:16:03 ', 1, 63),
(919, '4:27:27 ', 15, 63),
(920, '4:45:18 ', 11, 63),
(921, '4:09:28 ', 7, 63),
(922, '4:01:44 ', 4, 63),
(923, '00:56:11 ', 20, 63),
(924, '5:13:03 ', 12, 63),
(925, '4:12:12 ', 3, 63),
(926, '3:28:30 ', 10, 63),
(927, '4:15:44 ', 8, 63),
(928, '3:52:25 ', 19, 63),
(929, '5:02:41 ', 9, 63),
(930, '4:54:19 ', 14, 63),
(931, '4:19:20 ', 13, 63),
(932, '4:27:27 ', 15, 64),
(933, '4:47:20 ', 14, 64),
(934, '4:58:41 ', 9, 64),
(935, '5:15:04 ', 12, 64),
(936, '4:06:18 ', 7, 64),
(937, '4:14:27 ', 8, 64),
(938, '3:16:34 ', 5, 64),
(939, '4:15:34 ', 18, 64),
(940, '4:01:44 ', 4, 64),
(941, '4:34:34 ', 2, 64),
(942, '3:18:58 ', 10, 64),
(943, '4:45:18 ', 11, 64),
(944, '00:16:05 ', 1, 64),
(945, '00:51:20 ', 20, 64),
(946, '4:31:17 ', 6, 64),
(947, '3:44:51 ', 17, 64),
(948, '2:58:32 ', 21, 64),
(949, '4:12:12 ', 3, 64),
(950, '4:24:59 ', 16, 64),
(951, '4:13:33 ', 13, 64),
(952, '3:52:29 ', 19, 64),
(953, '4:17:59 ', 8, 65),
(954, '3:52:05 ', 19, 65),
(955, '3:22:59 ', 5, 65),
(956, '4:07:13 ', 18, 65),
(957, '4:32:55 ', 14, 65),
(958, '3:37:00 ', 17, 65),
(959, '4:15:00 ', 3, 65),
(960, '00:54:55 ', 20, 65),
(961, '4:08:27 ', 7, 65),
(962, '2:58:32 ', 21, 65),
(963, '4:47:44 ', 11, 65),
(964, '4:18:48 ', 13, 65),
(965, '00:16:16 ', 1, 65),
(966, '5:00:52 ', 9, 65),
(967, '4:37:28 ', 6, 65),
(968, '3:28:36 ', 10, 65),
(969, '4:34:34 ', 2, 65),
(970, '5:10:12 ', 12, 65),
(971, '4:01:44 ', 4, 65),
(972, '4:37:50 ', 16, 65),
(973, '4:31:14 ', 15, 65),
(974, '4:12:12 ', 3, 66),
(975, '5:17:41 ', 12, 66),
(976, '4:17:59 ', 8, 66),
(977, '3:46:11 ', 17, 66),
(978, '00:16:08 ', 1, 66),
(979, '4:06:18 ', 7, 66),
(980, '4:23:48 ', 18, 66),
(981, '00:52:47 ', 20, 66),
(982, '4:47:03 ', 11, 66),
(983, '5:09:35 ', 9, 66),
(984, '4:44:32 ', 16, 66),
(985, '4:31:17 ', 6, 66),
(986, '3:40:09 ', 10, 66),
(987, '4:34:34 ', 2, 66),
(988, '2:58:32 ', 21, 66),
(989, '4:01:44 ', 4, 66),
(990, '3:14:39 ', 5, 66),
(991, '3:54:30 ', 19, 66),
(992, '4:54:19 ', 14, 66),
(993, '4:19:10 ', 13, 66),
(994, '4:27:51 ', 15, 66),
(995, '4:02:51 ', 19, 67),
(996, '4:15:10 ', 7, 67),
(997, '4:33:08 ', 13, 67),
(998, '4:07:01 ', 4, 67),
(999, '3:57:54 ', 17, 67),
(1000, '4:55:08 ', 16, 67),
(1001, '5:21:24 ', 9, 67),
(1002, '2:59:17 ', 21, 67),
(1003, '3:45:12 ', 10, 67),
(1004, '4:34:34 ', 2, 67),
(1005, '4:55:25 ', 11, 67),
(1006, '00:17:05 ', 1, 67),
(1007, '4:11:33 ', 3, 67),
(1008, '4:58:53 ', 14, 67),
(1009, '4:44:43 ', 15, 67),
(1010, '4:38:41 ', 6, 67),
(1011, '4:36:15 ', 18, 67),
(1012, '3:28:15 ', 5, 67),
(1013, '4:22:17 ', 8, 67),
(1014, '5:29:23 ', 12, 67),
(1015, '00:55:44 ', 20, 67),
(1016, '4:34:34 ', 2, 68),
(1017, '5:05:30 ', 12, 68),
(1018, '4:32:36 ', 6, 68),
(1019, '4:33:24 ', 16, 68),
(1020, '4:02:56 ', 7, 68),
(1021, '3:32:07 ', 5, 68),
(1022, '4:19:06 ', 13, 68),
(1023, '4:04:08 ', 18, 68),
(1024, '4:38:50 ', 11, 68),
(1025, '00:54:28 ', 20, 68),
(1026, '4:46:59 ', 14, 68),
(1027, '4:47:05 ', 9, 68),
(1028, '3:50:59 ', 17, 68),
(1029, '4:06:29 ', 4, 68),
(1030, '2:59:44 ', 21, 68),
(1031, '4:17:59 ', 8, 68),
(1032, '4:12:12 ', 3, 68),
(1033, '4:28:30 ', 15, 68),
(1034, '3:53:20 ', 19, 68),
(1035, '00:17:01 ', 1, 68),
(1036, '3:28:30 ', 10, 68),
(1037, '4:12:12 ', 3, 71),
(1038, '4:34:34 ', 2, 71),
(1039, '4:13:06 ', 8, 71),
(1040, '4:27:18 ', 6, 71),
(1041, '4:01:44 ', 4, 71),
(1042, '3:14:39 ', 5, 71),
(1043, '3:59:25 ', 7, 71),
(1044, '00:16:20 ', 1, 71),
(1045, '4:56:25 ', 14, 72),
(1046, '00:16:01 ', 1, 72),
(1047, '4:12:18 ', 7, 72),
(1048, '4:04:04 ', 4, 72),
(1049, '4:34:34 ', 2, 72),
(1050, '4:17:59 ', 8, 72),
(1051, '3:54:30 ', 19, 72),
(1052, '5:21:12 ', 12, 72),
(1053, '4:27:51 ', 15, 72),
(1054, '3:00:21 ', 21, 72),
(1055, '4:34:10 ', 18, 72),
(1056, '4:46:45 ', 16, 72),
(1057, '3:16:51 ', 5, 72),
(1058, '4:47:48 ', 11, 72),
(1059, '3:51:18 ', 17, 72),
(1060, '4:15:00 ', 3, 72),
(1061, '4:19:10 ', 13, 72),
(1062, '3:32:09 ', 10, 72),
(1063, '4:37:18 ', 6, 72),
(1064, '4:58:41 ', 9, 72),
(1065, '00:54:27 ', 20, 72),
(1066, '4:50:57 ', 9, 73),
(1067, '4:32:05 ', 14, 73),
(1068, '00:16:28 ', 1, 73),
(1069, '4:26:16 ', 13, 73),
(1070, '4:04:57 ', 4, 73),
(1071, '4:02:51 ', 19, 73),
(1072, '4:29:50 ', 6, 73),
(1073, '3:48:49 ', 17, 73),
(1074, '4:26:10 ', 11, 73),
(1075, '4:02:16 ', 7, 73),
(1076, '4:44:43 ', 15, 73),
(1077, '4:34:34 ', 2, 73),
(1078, '3:42:56 ', 10, 73),
(1079, '4:25:58 ', 16, 73),
(1080, '5:23:06 ', 12, 73),
(1081, '3:22:59 ', 5, 73),
(1082, '3:00:03 ', 21, 73),
(1083, '4:18:09 ', 8, 73),
(1084, '00:55:38 ', 20, 73),
(1085, '4:12:12 ', 3, 73),
(1086, '4:33:46 ', 18, 73),
(1087, '4:12:12 ', 3, 74),
(1088, '00:16:24 ', 1, 74),
(1089, '4:29:40 ', 6, 74),
(1090, '4:58:41 ', 9, 74),
(1091, '3:53:01 ', 19, 74),
(1092, '4:35:29 ', 11, 74),
(1093, '5:13:03 ', 12, 74),
(1094, '3:20:51 ', 10, 74),
(1095, '4:06:18 ', 7, 74),
(1096, '4:33:46 ', 18, 74),
(1097, '4:54:19 ', 14, 74),
(1098, '4:17:59 ', 8, 74),
(1099, '00:52:27 ', 20, 74),
(1100, '3:16:34 ', 5, 74),
(1101, '4:19:20 ', 13, 74),
(1102, '2:58:55 ', 21, 74),
(1103, '4:34:34 ', 2, 74),
(1104, '3:52:17 ', 17, 74),
(1105, '4:46:45 ', 16, 74),
(1106, '4:27:51 ', 15, 74),
(1107, '4:03:02 ', 4, 74),
(1108, '4:24:37 ', 8, 75),
(1109, '4:34:34 ', 2, 75),
(1110, '4:15:00 ', 3, 75),
(1111, '5:35:27 ', 12, 75),
(1112, '4:05:28 ', 4, 75),
(1113, '3:28:15 ', 5, 75),
(1114, '5:14:14 ', 9, 75),
(1115, '4:57:54 ', 11, 75),
(1116, '00:17:14 ', 1, 75),
(1117, '4:37:18 ', 6, 75),
(1118, '3:45:12 ', 10, 75),
(1119, '4:16:00 ', 7, 75),
(1120, '4:34:34 ', 2, 76),
(1121, '5:05:16 ', 12, 76),
(1122, '4:26:16 ', 13, 76),
(1123, '4:02:51 ', 19, 76),
(1124, '4:16:39 ', 8, 76),
(1125, '4:58:03 ', 14, 76),
(1126, '4:15:08 ', 7, 76),
(1127, '3:28:15 ', 5, 76),
(1128, '4:52:42 ', 16, 76),
(1129, '4:33:46 ', 18, 76),
(1130, '3:52:35 ', 17, 76),
(1131, '4:31:14 ', 15, 76),
(1132, '5:00:52 ', 9, 76),
(1133, '3:01:42 ', 21, 76),
(1134, '00:16:59 ', 1, 76),
(1135, '3:28:36 ', 10, 76),
(1136, '4:36:24 ', 6, 76),
(1137, '4:49:27 ', 11, 76),
(1138, '4:15:00 ', 3, 76),
(1139, '4:07:01 ', 4, 76),
(1140, '00:52:20 ', 20, 76),
(1141, '4:34:22 ', 18, 77),
(1142, '4:12:39 ', 3, 77),
(1143, '4:56:23 ', 14, 77),
(1144, '00:15:51 ', 1, 77),
(1145, '5:30:16 ', 12, 77),
(1146, '4:27:51 ', 15, 77),
(1147, '4:07:42 ', 7, 77),
(1148, '4:44:32 ', 16, 77),
(1149, '4:34:34 ', 2, 77),
(1150, '3:51:33 ', 17, 77),
(1151, '4:49:27 ', 11, 77),
(1152, '4:27:24 ', 6, 77),
(1153, '4:59:10 ', 9, 77),
(1154, '3:14:39 ', 5, 77),
(1155, '2:59:14 ', 21, 77),
(1156, '3:19:08 ', 10, 77),
(1157, '4:13:06 ', 8, 77),
(1158, '4:33:15 ', 13, 77),
(1159, '3:53:00 ', 19, 77),
(1160, '4:01:44 ', 4, 77),
(1161, '00:51:08 ', 20, 77),
(1162, '00:15:59 ', 1, 78),
(1163, '3:14:39 ', 5, 78),
(1164, '4:15:00 ', 3, 78),
(1165, '4:37:37 ', 6, 78),
(1166, '4:55:19 ', 14, 78),
(1167, '3:45:12 ', 10, 78),
(1168, '4:16:14 ', 7, 78),
(1169, '4:19:22 ', 8, 78),
(1170, '4:34:34 ', 2, 78),
(1171, '4:57:01 ', 11, 78),
(1172, '5:30:59 ', 12, 78),
(1173, '4:26:16 ', 13, 78),
(1174, '5:21:24 ', 9, 78),
(1175, '4:03:02 ', 4, 78),
(1176, '4:47:43 ', 15, 78),
(1177, '4:01:44 ', 4, 81),
(1178, '00:16:08 ', 1, 81),
(1179, '4:12:12 ', 3, 81),
(1180, '4:34:34 ', 2, 81),
(1181, '3:49:28 ', 17, 82),
(1182, '4:34:34 ', 2, 82),
(1183, '4:19:01 ', 13, 82),
(1184, '4:27:27 ', 15, 82),
(1185, '3:59:52 ', 7, 82),
(1186, '4:27:34 ', 6, 82),
(1187, '4:13:06 ', 8, 82),
(1188, '4:47:31 ', 9, 82),
(1189, '4:12:12 ', 3, 82),
(1190, '4:28:51 ', 16, 82),
(1191, '3:14:39 ', 5, 82),
(1192, '4:01:44 ', 4, 82),
(1193, '4:46:05 ', 14, 82),
(1194, '4:47:52 ', 11, 82),
(1195, '5:07:40 ', 12, 82),
(1196, '3:27:44 ', 10, 82),
(1197, '00:16:12 ', 1, 82),
(1198, '00:51:42 ', 20, 83),
(1199, '4:52:11 ', 11, 83),
(1200, '4:19:14 ', 13, 83),
(1201, '4:44:43 ', 15, 83),
(1202, '3:20:11 ', 5, 83),
(1203, '4:33:33 ', 18, 83),
(1204, '5:14:14 ', 9, 83),
(1205, '4:05:28 ', 4, 83),
(1206, '4:20:48 ', 8, 83),
(1207, '4:15:10 ', 7, 83),
(1208, '3:44:45 ', 10, 83),
(1209, '4:13:17 ', 3, 83),
(1210, '5:29:13 ', 12, 83),
(1211, '4:34:41 ', 6, 83),
(1212, '4:55:08 ', 16, 83),
(1213, '4:34:34 ', 2, 83),
(1214, '2:59:44 ', 21, 83),
(1215, '4:56:28 ', 14, 83),
(1216, '3:52:56 ', 17, 83),
(1217, '4:01:35 ', 19, 83),
(1218, '00:16:31 ', 1, 83),
(1219, '4:55:19 ', 14, 84),
(1220, '4:34:34 ', 2, 84),
(1221, '4:12:12 ', 3, 84),
(1222, '4:48:34 ', 11, 84),
(1223, '00:16:00 ', 1, 84),
(1224, '3:33:54 ', 10, 84),
(1225, '00:53:29 ', 20, 84),
(1226, '4:05:41 ', 7, 84),
(1227, '4:55:08 ', 16, 84),
(1228, '3:14:39 ', 5, 84),
(1229, '4:36:15 ', 18, 84),
(1230, '2:58:55 ', 21, 84),
(1231, '4:19:20 ', 13, 84),
(1232, '4:32:36 ', 6, 84),
(1233, '4:07:01 ', 4, 84),
(1234, '5:26:12 ', 12, 84),
(1235, '4:28:03 ', 15, 84),
(1236, '3:57:54 ', 17, 84),
(1237, '3:58:13 ', 19, 84),
(1238, '4:18:04 ', 8, 84),
(1239, '5:14:14 ', 9, 84),
(1240, '4:18:58 ', 13, 85),
(1241, '00:16:02 ', 1, 85),
(1242, '2:58:32 ', 21, 85),
(1243, '3:14:39 ', 5, 85),
(1244, '4:09:49 ', 18, 85),
(1245, '4:47:52 ', 11, 85),
(1246, '4:32:28 ', 16, 85),
(1247, '3:52:25 ', 19, 85),
(1248, '4:27:27 ', 15, 85),
(1249, '4:13:19 ', 8, 85),
(1250, '3:32:12 ', 17, 85),
(1251, '4:34:34 ', 2, 85),
(1252, '3:18:57 ', 10, 85),
(1253, '4:32:34 ', 14, 85),
(1254, '4:12:12 ', 3, 85),
(1255, '4:53:42 ', 9, 85),
(1256, '4:00:26 ', 7, 85),
(1257, '00:51:00 ', 20, 85),
(1258, '4:27:47 ', 6, 85),
(1259, '4:01:44 ', 4, 85),
(1260, '5:06:03 ', 12, 85),
(1261, '4:12:12 ', 3, 86),
(1262, '00:51:20 ', 20, 86),
(1263, '4:25:27 ', 16, 86),
(1264, '4:01:44 ', 4, 86),
(1265, '5:09:36 ', 12, 86),
(1266, '3:34:21 ', 17, 86),
(1267, '00:15:37 ', 1, 86),
(1268, '2:59:25 ', 21, 86),
(1269, '4:27:51 ', 15, 86),
(1270, '4:54:19 ', 14, 86),
(1271, '3:28:05 ', 10, 86),
(1272, '5:02:41 ', 9, 86),
(1273, '4:34:34 ', 2, 86),
(1274, '4:19:06 ', 13, 86),
(1275, '4:02:32 ', 7, 86),
(1276, '3:16:34 ', 5, 86),
(1277, '4:27:13 ', 6, 86),
(1278, '4:27:50 ', 11, 86),
(1279, '4:06:13 ', 18, 86),
(1280, '3:54:30 ', 19, 86),
(1281, '4:13:40 ', 8, 86),
(1282, '4:14:45 ', 3, 87),
(1283, '4:07:01 ', 4, 87),
(1284, '3:51:14 ', 17, 87),
(1285, '3:29:59 ', 10, 87),
(1286, '4:17:23 ', 8, 87),
(1287, '3:55:10 ', 19, 87),
(1288, '4:19:14 ', 13, 87),
(1289, '3:22:59 ', 5, 87),
(1290, '4:34:34 ', 2, 87),
(1291, '5:24:22 ', 12, 87),
(1292, '5:02:41 ', 9, 87),
(1293, '4:34:41 ', 6, 87),
(1294, '4:55:08 ', 16, 87),
(1295, '4:48:39 ', 11, 87),
(1296, '4:06:30 ', 7, 87),
(1297, '00:49:47 ', 20, 87),
(1298, '4:55:16 ', 14, 87),
(1299, '00:15:42 ', 1, 87),
(1300, '4:35:31 ', 18, 87),
(1301, '3:01:21 ', 21, 87),
(1302, '4:28:54 ', 15, 87),
(1303, '5:14:14 ', 9, 88),
(1304, '4:34:34 ', 2, 88),
(1305, '2:58:32 ', 21, 88),
(1306, '00:16:06 ', 1, 88),
(1307, '3:19:12 ', 10, 88),
(1308, '00:49:31 ', 20, 88),
(1309, '5:26:12 ', 12, 88),
(1310, '4:48:34 ', 11, 88),
(1311, '3:52:05 ', 19, 88),
(1312, '4:48:43 ', 16, 88),
(1313, '4:54:19 ', 14, 88),
(1314, '4:12:49 ', 3, 88),
(1315, '4:13:03 ', 13, 88),
(1316, '4:09:35 ', 7, 88),
(1317, '3:17:47 ', 5, 88),
(1318, '4:01:44 ', 4, 88),
(1319, '4:17:05 ', 8, 88),
(1320, '4:27:27 ', 15, 88),
(1321, '4:32:50 ', 6, 88),
(1322, '3:50:59 ', 17, 88),
(1323, '4:32:13 ', 18, 88),
(1324, '4:27:27 ', 15, 91),
(1325, '4:20:06 ', 11, 91),
(1326, '3:58:59 ', 7, 91),
(1327, '3:27:44 ', 10, 91),
(1328, '4:29:41 ', 16, 91),
(1329, '00:51:09 ', 20, 91),
(1330, '4:43:44 ', 14, 91),
(1331, '00:16:07 ', 1, 91),
(1332, '3:52:05 ', 19, 91),
(1333, '4:01:44 ', 4, 91),
(1334, '4:34:34 ', 2, 91),
(1335, '2:59:06 ', 21, 91),
(1336, '3:14:39 ', 5, 91),
(1337, '4:11:33 ', 3, 91),
(1338, '4:13:06 ', 8, 91),
(1339, '4:47:31 ', 9, 91),
(1340, '4:18:48 ', 13, 91),
(1341, '4:27:13 ', 6, 91),
(1342, '3:29:18 ', 17, 91),
(1343, '4:59:41 ', 12, 91),
(1344, '4:02:48 ', 18, 91),
(1345, '00:54:50 ', 20, 92),
(1346, '4:44:32 ', 16, 92),
(1347, '4:23:48 ', 18, 92),
(1348, '4:36:53 ', 6, 92),
(1349, '5:14:14 ', 9, 92),
(1350, '3:33:54 ', 10, 92),
(1351, '4:17:15 ', 8, 92),
(1352, '4:34:34 ', 2, 92),
(1353, '3:53:57 ', 19, 92),
(1354, '4:07:01 ', 4, 92),
(1355, '2:59:25 ', 21, 92),
(1356, '4:47:44 ', 11, 92),
(1357, '4:52:43 ', 14, 92),
(1358, '3:44:57 ', 17, 92),
(1359, '4:28:03 ', 15, 92),
(1360, '5:18:02 ', 12, 92),
(1361, '4:11:21 ', 7, 92),
(1362, '3:18:40 ', 5, 92),
(1363, '4:14:08 ', 3, 92),
(1364, '4:19:06 ', 13, 92),
(1365, '00:16:31 ', 1, 92),
(1366, '5:07:40 ', 12, 93),
(1367, '4:34:34 ', 2, 93),
(1368, '4:26:16 ', 13, 93),
(1369, '4:40:15 ', 16, 93),
(1370, '4:03:57 ', 7, 93),
(1371, '3:18:40 ', 5, 93),
(1372, '00:51:37 ', 20, 93),
(1373, '4:48:00 ', 14, 93),
(1374, '4:44:50 ', 11, 93),
(1375, '00:16:15 ', 1, 93),
(1376, '3:58:52 ', 17, 93),
(1377, '3:29:21 ', 10, 93),
(1378, '4:01:44 ', 4, 93),
(1379, '4:16:16 ', 8, 93),
(1380, '4:58:41 ', 9, 93),
(1381, '4:11:33 ', 3, 93),
(1382, '4:24:34 ', 18, 93),
(1383, '4:40:04 ', 15, 93),
(1384, '4:34:41 ', 6, 93),
(1385, '3:54:43 ', 19, 93),
(1386, '2:58:55 ', 21, 93),
(1387, '4:42:16 ', 14, 94),
(1388, '5:17:51 ', 12, 94),
(1389, '00:15:40 ', 1, 94),
(1390, '3:46:02 ', 17, 94),
(1391, '4:23:48 ', 18, 94),
(1392, '4:06:18 ', 7, 94),
(1393, '3:15:45 ', 5, 94),
(1394, '4:01:44 ', 4, 94),
(1395, '4:46:30 ', 11, 94),
(1396, '3:30:48 ', 10, 94),
(1397, '4:13:33 ', 13, 94),
(1398, '4:31:17 ', 6, 94),
(1399, '4:27:27 ', 15, 94),
(1400, '00:49:54 ', 20, 94),
(1401, '4:11:33 ', 3, 94),
(1402, '3:52:05 ', 19, 94),
(1403, '5:02:41 ', 9, 94),
(1404, '4:34:34 ', 2, 94),
(1405, '4:16:16 ', 8, 94),
(1406, '2:58:32 ', 21, 94),
(1407, '4:44:32 ', 16, 94),
(1408, '4:14:58 ', 7, 95),
(1409, '5:14:14 ', 9, 95),
(1410, '4:54:19 ', 14, 95),
(1411, '4:40:37 ', 16, 95),
(1412, '5:24:22 ', 12, 95),
(1413, '4:34:34 ', 2, 95),
(1414, '4:31:14 ', 15, 95),
(1415, '4:19:22 ', 8, 95),
(1416, '4:49:27 ', 11, 95),
(1417, '00:55:55 ', 20, 95),
(1418, '4:18:48 ', 13, 95),
(1419, '2:59:25 ', 21, 95),
(1420, '4:11:33 ', 3, 95),
(1421, '3:51:10 ', 17, 95),
(1422, '3:42:57 ', 10, 95),
(1423, '3:22:59 ', 5, 95),
(1424, '4:37:18 ', 6, 95),
(1425, '4:32:13 ', 18, 95),
(1426, '3:54:30 ', 19, 95),
(1427, '4:02:44 ', 4, 95),
(1428, '00:16:46 ', 1, 95),
(1429, '3:31:01 ', 17, 96),
(1430, '5:02:53 ', 12, 96),
(1431, '00:16:42 ', 1, 96),
(1432, '4:28:54 ', 6, 96),
(1433, '4:00:11 ', 7, 96),
(1434, '3:14:39 ', 5, 96),
(1435, '4:25:28 ', 11, 96),
(1436, '3:27:44 ', 10, 96),
(1437, '4:27:27 ', 15, 96),
(1438, '2:58:32 ', 21, 96),
(1439, '4:24:57 ', 16, 96),
(1440, '4:05:38 ', 18, 96),
(1441, '4:12:12 ', 3, 96),
(1442, '4:18:48 ', 13, 96),
(1443, '4:01:44 ', 4, 96),
(1444, '3:52:05 ', 19, 96),
(1445, '4:52:43 ', 14, 96),
(1446, '00:51:34 ', 20, 96),
(1447, '4:34:34 ', 2, 96),
(1448, '4:13:48 ', 8, 96),
(1449, '4:47:51 ', 9, 96),
(1450, '4:01:44 ', 4, 97),
(1451, '4:01:06 ', 7, 97),
(1452, '4:18:58 ', 13, 97),
(1453, '4:34:34 ', 2, 97),
(1454, '4:31:27 ', 14, 97),
(1455, '4:27:27 ', 15, 97),
(1456, '4:32:28 ', 16, 97),
(1457, '4:03:59 ', 18, 97),
(1458, '4:15:24 ', 8, 97),
(1459, '3:27:55 ', 10, 97),
(1460, '2:58:55 ', 21, 97),
(1461, '00:52:38 ', 20, 97),
(1462, '3:37:00 ', 17, 97),
(1463, '00:16:38 ', 1, 97),
(1464, '4:47:19 ', 9, 97),
(1465, '3:52:29 ', 19, 97),
(1466, '5:02:53 ', 12, 97),
(1467, '4:43:56 ', 11, 97),
(1468, '3:14:39 ', 5, 97),
(1469, '4:30:08 ', 6, 97),
(1470, '4:12:12 ', 3, 97),
(1471, '3:27:44 ', 10, 98),
(1472, '4:14:08 ', 3, 98),
(1473, '00:16:55 ', 1, 98),
(1474, '4:50:21 ', 9, 98),
(1475, '4:31:14 ', 15, 98),
(1476, '4:19:06 ', 13, 98),
(1477, '3:59:57 ', 19, 98),
(1478, '4:25:12 ', 16, 98),
(1479, '4:24:06 ', 18, 98),
(1480, '4:34:34 ', 2, 98),
(1481, '5:13:03 ', 12, 98),
(1482, '4:23:48 ', 8, 98),
(1483, '4:00:06 ', 7, 98),
(1484, '4:07:01 ', 4, 98),
(1485, '2:59:25 ', 21, 98),
(1486, '4:34:59 ', 11, 98),
(1487, '4:45:01 ', 14, 98),
(1488, '00:52:43 ', 20, 98),
(1489, '3:51:20 ', 17, 98),
(1490, '4:37:37 ', 6, 98),
(1491, '3:28:15 ', 5, 98),
(1492, '4:07:02 ', 7, 101),
(1493, '3:36:12 ', 10, 101),
(1494, '3:17:23 ', 5, 101),
(1495, '4:20:13 ', 8, 101),
(1496, '4:34:34 ', 2, 101),
(1497, '5:14:14 ', 9, 101),
(1498, '00:15:30 ', 1, 101),
(1499, '4:11:33 ', 3, 101),
(1500, '4:01:44 ', 4, 101),
(1501, '4:37:37 ', 6, 101),
(1502, '4:44:43 ', 15, 102),
(1503, '3:28:24 ', 10, 102),
(1504, '00:55:07 ', 20, 102),
(1505, '4:06:12 ', 7, 102),
(1506, '5:10:12 ', 12, 102),
(1507, '3:17:23 ', 5, 102),
(1508, '4:54:19 ', 14, 102),
(1509, '4:12:12 ', 3, 102),
(1510, '4:01:44 ', 4, 102),
(1511, '5:02:41 ', 9, 102),
(1512, '4:34:34 ', 2, 102),
(1513, '00:17:15 ', 1, 102),
(1514, '4:26:16 ', 13, 102),
(1515, '4:45:18 ', 11, 102),
(1516, '3:51:14 ', 17, 102),
(1517, '4:17:59 ', 8, 102),
(1518, '4:34:41 ', 6, 102),
(1519, '4:44:32 ', 16, 102),
(1520, '2:58:55 ', 21, 102),
(1521, '3:54:43 ', 19, 102),
(1522, '4:32:13 ', 18, 102),
(1523, '4:34:34 ', 2, 103),
(1524, '4:12:46 ', 3, 103),
(1525, '00:16:24 ', 1, 103),
(1526, '4:03:10 ', 4, 103),
(1527, '3:00:19 ', 21, 104),
(1528, '3:45:12 ', 10, 104),
(1529, '3:16:34 ', 5, 104),
(1530, '3:54:27 ', 19, 104),
(1531, '4:57:44 ', 14, 104),
(1532, '5:14:14 ', 9, 104),
(1533, '00:54:40 ', 20, 104),
(1534, '4:34:34 ', 2, 104),
(1535, '4:01:44 ', 4, 104),
(1536, '4:55:08 ', 16, 104),
(1537, '4:14:58 ', 7, 104),
(1538, '4:27:51 ', 15, 104),
(1539, '4:33:12 ', 18, 104),
(1540, '3:57:10 ', 17, 104),
(1541, '4:54:48 ', 11, 104),
(1542, '00:17:07 ', 1, 104),
(1543, '4:33:47 ', 6, 104),
(1544, '5:29:18 ', 12, 104),
(1545, '4:11:33 ', 3, 104),
(1546, '4:19:20 ', 13, 104),
(1547, '4:19:22 ', 8, 104),
(1548, '3:52:32 ', 17, 105),
(1549, '5:29:18 ', 12, 105),
(1550, '3:52:05 ', 19, 105),
(1551, '3:45:12 ', 10, 105),
(1552, '4:33:31 ', 18, 105),
(1553, '4:14:17 ', 8, 105),
(1554, '4:22:56 ', 13, 105),
(1555, '4:15:10 ', 7, 105),
(1556, '4:34:34 ', 2, 105),
(1557, '4:11:33 ', 3, 105),
(1558, '00:16:43 ', 1, 105),
(1559, '4:01:44 ', 4, 105),
(1560, '5:14:14 ', 9, 105),
(1561, '4:56:25 ', 14, 105),
(1562, '4:54:16 ', 16, 105),
(1563, '2:58:32 ', 21, 105),
(1564, '4:27:27 ', 15, 105),
(1565, '3:14:39 ', 5, 105),
(1566, '4:54:48 ', 11, 105),
(1567, '4:27:39 ', 6, 105),
(1568, '00:55:31 ', 20, 105),
(1569, '4:31:14 ', 15, 106),
(1570, '4:33:08 ', 13, 106),
(1571, '4:02:56 ', 4, 106),
(1572, '4:36:24 ', 6, 106),
(1573, '4:56:01 ', 14, 106),
(1574, '2:59:23 ', 21, 106),
(1575, '3:17:47 ', 5, 106),
(1576, '4:54:16 ', 16, 106),
(1577, '4:14:39 ', 7, 106),
(1578, '3:52:17 ', 17, 106),
(1579, '00:55:07 ', 20, 106),
(1580, '5:14:14 ', 9, 106),
(1581, '5:29:13 ', 12, 106),
(1582, '3:54:27 ', 19, 106),
(1583, '4:34:34 ', 2, 106),
(1584, '4:12:41 ', 3, 106),
(1585, '4:20:13 ', 8, 106),
(1586, '4:33:31 ', 18, 106),
(1587, '00:17:14 ', 1, 106),
(1588, '3:45:12 ', 10, 106),
(1589, '4:52:33 ', 11, 106),
(1590, '4:27:51 ', 15, 107),
(1591, '00:55:14 ', 20, 107),
(1592, '4:08:52 ', 7, 107),
(1593, '00:17:24 ', 1, 107),
(1594, '4:53:35 ', 16, 107),
(1595, '4:34:34 ', 2, 107),
(1596, '4:28:54 ', 6, 107),
(1597, '3:16:34 ', 5, 107),
(1598, '5:09:35 ', 9, 107),
(1599, '3:21:38 ', 10, 107),
(1600, '4:07:01 ', 4, 107),
(1601, '4:15:24 ', 8, 107),
(1602, '4:33:08 ', 13, 107),
(1603, '4:51:06 ', 11, 107),
(1604, '4:32:13 ', 18, 107),
(1605, '2:58:55 ', 21, 107),
(1606, '3:52:17 ', 17, 107),
(1607, '5:24:22 ', 12, 107),
(1608, '4:12:12 ', 3, 107),
(1609, '3:54:30 ', 19, 107),
(1610, '4:54:19 ', 14, 107),
(1611, '4:34:34 ', 2, 108),
(1612, '4:12:12 ', 3, 108),
(1613, '3:14:51 ', 5, 108),
(1614, '4:37:37 ', 6, 108),
(1615, '4:20:13 ', 8, 108),
(1616, '4:14:39 ', 7, 108),
(1617, '5:14:14 ', 9, 108),
(1618, '3:45:12 ', 10, 108),
(1619, '00:16:50 ', 1, 108),
(1620, '4:07:01 ', 4, 108),
(1621, '4:00:46 ', 19, 108),
(1622, '5:29:13 ', 12, 108),
(1623, '4:55:10 ', 14, 108),
(1624, '3:52:17 ', 17, 108),
(1625, '4:35:31 ', 18, 108),
(1626, '4:54:16 ', 16, 108),
(1627, '4:49:59 ', 11, 108),
(1628, '00:52:32 ', 20, 108),
(1629, '3:02:34 ', 21, 108),
(1630, '4:44:43 ', 15, 108),
(1631, '4:33:08 ', 13, 108),
(1632, '00:51:09 ', 20, 111),
(1633, '4:27:27 ', 15, 111),
(1634, '3:59:01 ', 7, 111),
(1635, '4:13:06 ', 8, 111),
(1636, '4:01:44 ', 4, 111),
(1637, '4:06:30 ', 18, 111),
(1638, '4:47:31 ', 9, 111),
(1639, '2:58:32 ', 21, 111),
(1640, '4:43:53 ', 14, 111),
(1641, '4:34:34 ', 2, 111),
(1642, '3:27:44 ', 10, 111),
(1643, '4:59:06 ', 12, 111),
(1644, '00:16:02 ', 1, 111),
(1645, '3:52:05 ', 19, 111),
(1646, '4:33:17 ', 16, 111),
(1647, '4:27:13 ', 6, 111),
(1648, '4:11:33 ', 3, 111),
(1649, '4:19:12 ', 11, 111),
(1650, '3:28:29 ', 17, 111),
(1651, '3:14:39 ', 5, 111),
(1652, '4:18:48 ', 13, 111),
(1653, '4:55:08 ', 16, 112),
(1654, '3:52:05 ', 19, 112),
(1655, '4:11:33 ', 3, 112),
(1656, '4:45:38 ', 2, 112),
(1657, '3:54:43 ', 17, 112),
(1658, '5:24:22 ', 12, 112),
(1659, '4:56:01 ', 14, 112),
(1660, '00:16:18 ', 1, 112),
(1661, '5:14:14 ', 9, 112),
(1662, '4:38:41 ', 6, 112),
(1663, '4:27:27 ', 15, 112),
(1664, '4:52:11 ', 11, 112),
(1665, '3:14:39 ', 5, 112),
(1666, '3:36:12 ', 10, 112),
(1667, '4:20:41 ', 8, 112),
(1668, '4:01:44 ', 4, 112),
(1669, '4:18:50 ', 7, 112),
(1670, '4:18:48 ', 13, 112),
(1671, '00:54:46 ', 20, 112),
(1672, '2:58:32 ', 21, 112),
(1673, '4:35:05 ', 18, 112),
(1674, '3:53:51 ', 19, 113),
(1675, '4:19:10 ', 13, 113),
(1676, '4:47:43 ', 15, 113),
(1677, '00:16:18 ', 1, 113),
(1678, '3:14:39 ', 5, 113),
(1679, '4:11:33 ', 3, 113),
(1680, '2:59:06 ', 21, 113),
(1681, '4:53:50 ', 11, 113),
(1682, '4:34:41 ', 6, 113),
(1683, '5:14:14 ', 9, 113),
(1684, '4:55:08 ', 16, 113),
(1685, '4:33:46 ', 18, 113),
(1686, '5:24:22 ', 12, 113),
(1687, '4:34:34 ', 2, 113),
(1688, '3:41:57 ', 10, 113),
(1689, '4:11:29 ', 7, 113),
(1690, '4:01:44 ', 4, 113),
(1691, '4:55:12 ', 14, 113),
(1692, '3:57:54 ', 17, 113),
(1693, '00:55:52 ', 20, 113),
(1694, '4:19:22 ', 8, 113),
(1695, '2:59:06 ', 21, 114),
(1696, '4:20:13 ', 8, 114),
(1697, '4:07:01 ', 4, 114),
(1698, '5:22:03 ', 12, 114),
(1699, '4:53:21 ', 11, 114),
(1700, '4:11:33 ', 3, 114),
(1701, '5:14:14 ', 9, 114),
(1702, '00:16:04 ', 1, 114),
(1703, '4:44:32 ', 16, 114),
(1704, '3:25:17 ', 5, 114),
(1705, '4:55:12 ', 14, 114),
(1706, '4:34:34 ', 2, 114),
(1707, '4:26:16 ', 13, 114),
(1708, '4:33:39 ', 18, 114),
(1709, '4:47:43 ', 15, 114),
(1710, '3:57:54 ', 17, 114),
(1711, '3:58:39 ', 19, 114),
(1712, '00:53:17 ', 20, 114),
(1713, '3:36:31 ', 10, 114),
(1714, '4:37:37 ', 6, 114),
(1715, '4:21:20 ', 7, 114),
(1716, '3:28:36 ', 10, 115),
(1717, '4:15:00 ', 3, 115),
(1718, '4:02:51 ', 19, 115),
(1719, '4:34:34 ', 2, 115),
(1720, '00:55:08 ', 20, 115),
(1721, '4:19:14 ', 13, 115),
(1722, '3:28:15 ', 5, 115),
(1723, '4:33:18 ', 16, 115),
(1724, '5:10:59 ', 12, 115),
(1725, '3:35:03 ', 17, 115),
(1726, '4:33:23 ', 6, 115),
(1727, '00:16:30 ', 1, 115),
(1728, '3:01:27 ', 21, 115),
(1729, '4:16:27 ', 18, 115),
(1730, '4:04:02 ', 7, 115),
(1731, '4:01:44 ', 4, 115),
(1732, '4:31:14 ', 15, 115),
(1733, '4:16:39 ', 8, 115),
(1734, '4:52:43 ', 14, 115),
(1735, '4:44:14 ', 11, 115),
(1736, '4:57:37 ', 9, 115),
(1737, '4:34:34 ', 2, 116),
(1738, '4:47:44 ', 11, 116),
(1739, '4:33:17 ', 16, 116),
(1740, '00:16:16 ', 1, 116),
(1741, '3:19:10 ', 10, 116),
(1742, '3:54:30 ', 19, 116),
(1743, '3:35:15 ', 17, 116),
(1744, '4:01:44 ', 4, 116),
(1745, '4:05:05 ', 7, 116),
(1746, '4:48:51 ', 14, 116),
(1747, '5:02:41 ', 9, 116),
(1748, '4:19:18 ', 13, 116),
(1749, '4:31:14 ', 15, 116),
(1750, '5:14:30 ', 12, 116),
(1751, '4:11:33 ', 3, 116),
(1752, '2:58:32 ', 21, 116),
(1753, '4:28:27 ', 6, 116),
(1754, '4:16:53 ', 8, 116),
(1755, '4:23:48 ', 18, 116),
(1756, '3:16:34 ', 5, 116),
(1757, '00:50:55 ', 20, 116),
(1758, '00:55:09 ', 20, 117),
(1759, '5:02:41 ', 9, 117),
(1760, '2:58:32 ', 21, 117),
(1761, '5:11:31 ', 12, 117),
(1762, '4:34:34 ', 2, 117),
(1763, '4:51:27 ', 14, 117),
(1764, '4:16:35 ', 8, 117),
(1765, '4:47:43 ', 15, 117),
(1766, '4:32:50 ', 6, 117),
(1767, '4:26:16 ', 13, 117),
(1768, '3:25:17 ', 5, 117),
(1769, '4:04:57 ', 7, 117),
(1770, '3:47:29 ', 17, 117),
(1771, '4:52:42 ', 16, 117),
(1772, '4:12:12 ', 3, 117),
(1773, '3:28:30 ', 10, 117),
(1774, '4:45:18 ', 11, 117),
(1775, '4:07:01 ', 4, 117),
(1776, '4:30:04 ', 18, 117),
(1777, '3:54:30 ', 19, 117),
(1778, '00:16:05 ', 1, 117),
(1779, '3:32:07 ', 5, 118),
(1780, '4:11:33 ', 3, 118),
(1781, '4:45:38 ', 2, 118),
(1782, '4:07:01 ', 4, 118),
(1783, '4:05:00 ', 7, 118),
(1784, '00:16:31 ', 1, 118),
(1785, '4:28:30 ', 6, 118),
(1786, '4:56:25 ', 14, 121),
(1787, '4:18:48 ', 13, 121),
(1788, '3:52:05 ', 19, 121),
(1789, '4:17:05 ', 8, 121),
(1790, '00:16:14 ', 1, 121),
(1791, '5:14:14 ', 9, 121),
(1792, '4:55:08 ', 16, 121),
(1793, '4:34:34 ', 2, 121),
(1794, '3:45:12 ', 10, 121),
(1795, '2:58:32 ', 21, 121),
(1796, '4:32:13 ', 18, 121),
(1797, '4:27:27 ', 15, 121),
(1798, '4:32:36 ', 6, 121),
(1799, '00:55:29 ', 20, 121),
(1800, '3:28:15 ', 5, 121),
(1801, '3:58:02 ', 17, 121),
(1802, '4:01:44 ', 4, 121),
(1803, '5:30:59 ', 12, 121),
(1804, '4:52:11 ', 11, 121),
(1805, '4:11:52 ', 7, 121),
(1806, '4:11:33 ', 3, 121),
(1807, '4:34:41 ', 6, 122),
(1808, '3:52:17 ', 17, 122),
(1809, '4:46:01 ', 11, 122),
(1810, '4:34:34 ', 2, 122),
(1811, '5:24:22 ', 12, 122),
(1812, '5:14:14 ', 9, 122),
(1813, '4:19:20 ', 13, 122),
(1814, '3:33:32 ', 10, 122),
(1815, '4:12:30 ', 3, 122),
(1816, '4:11:52 ', 7, 122),
(1817, '4:32:21 ', 18, 122),
(1818, '4:17:05 ', 8, 122),
(1819, '2:58:55 ', 21, 122),
(1820, '00:53:41 ', 20, 122),
(1821, '4:01:44 ', 4, 122),
(1822, '4:55:19 ', 14, 122),
(1823, '4:46:45 ', 16, 122),
(1824, '00:16:33 ', 1, 122),
(1825, '4:47:43 ', 15, 122),
(1826, '3:53:53 ', 19, 122),
(1827, '3:25:17 ', 5, 122),
(1828, '4:45:18 ', 11, 123),
(1829, '4:34:34 ', 2, 123),
(1830, '4:01:44 ', 4, 123),
(1831, '5:19:29 ', 12, 123),
(1832, '4:38:41 ', 6, 123),
(1833, '4:26:16 ', 13, 123),
(1834, '3:36:10 ', 17, 123),
(1835, '4:27:51 ', 15, 123),
(1836, '00:52:48 ', 20, 123),
(1837, '2:58:55 ', 21, 123),
(1838, '4:06:18 ', 7, 123),
(1839, '4:23:40 ', 8, 123),
(1840, '3:54:43 ', 19, 123),
(1841, '4:12:12 ', 3, 123),
(1842, '3:28:19 ', 10, 123),
(1843, '4:32:13 ', 18, 123),
(1844, '4:51:27 ', 14, 123),
(1845, '3:17:47 ', 5, 123),
(1846, '4:54:16 ', 9, 123),
(1847, '00:16:09 ', 1, 123),
(1848, '4:40:37 ', 16, 123),
(1849, '4:13:13 ', 8, 124),
(1850, '4:31:03 ', 16, 124),
(1851, '4:01:44 ', 4, 124),
(1852, '3:59:31 ', 7, 124),
(1853, '3:52:05 ', 19, 124),
(1854, '00:53:47 ', 20, 124),
(1855, '4:18:48 ', 13, 124),
(1856, '4:34:34 ', 2, 124),
(1857, '4:03:59 ', 18, 124),
(1858, '4:56:12 ', 12, 124),
(1859, '3:27:44 ', 10, 124),
(1860, '4:47:51 ', 9, 124),
(1861, '4:32:05 ', 14, 124),
(1862, '4:12:12 ', 3, 124),
(1863, '2:58:55 ', 21, 124),
(1864, '4:30:19 ', 11, 124),
(1865, '4:27:39 ', 6, 124),
(1866, '00:15:52 ', 1, 124),
(1867, '3:29:23 ', 17, 124),
(1868, '4:27:27 ', 15, 124),
(1869, '3:17:47 ', 5, 124),
(1870, '4:54:19 ', 14, 125),
(1871, '4:46:47 ', 11, 125),
(1872, '3:50:59 ', 17, 125),
(1873, '2:58:32 ', 21, 125),
(1874, '00:53:19 ', 20, 125),
(1875, '4:09:28 ', 7, 125),
(1876, '5:18:02 ', 12, 125),
(1877, '3:14:39 ', 5, 125),
(1878, '00:16:30 ', 1, 125),
(1879, '4:31:21 ', 18, 125),
(1880, '4:01:44 ', 4, 125),
(1881, '3:28:19 ', 10, 125),
(1882, '4:34:34 ', 2, 125),
(1883, '4:15:24 ', 8, 125),
(1884, '4:11:33 ', 3, 125),
(1885, '4:27:39 ', 6, 125),
(1886, '4:18:48 ', 13, 125),
(1887, '3:52:05 ', 19, 125),
(1888, '4:27:27 ', 15, 125),
(1889, '5:09:35 ', 9, 125),
(1890, '4:48:38 ', 16, 125),
(1891, '3:45:12 ', 10, 126),
(1892, '4:11:59 ', 3, 126),
(1893, '3:58:02 ', 17, 126),
(1894, '4:33:42 ', 18, 126),
(1895, '3:55:12 ', 19, 126),
(1896, '4:21:22 ', 8, 126),
(1897, '00:17:17 ', 1, 126),
(1898, '4:52:27 ', 11, 126),
(1899, '4:55:08 ', 16, 126),
(1900, '4:05:28 ', 4, 126),
(1901, '4:08:27 ', 7, 126),
(1902, '5:30:29 ', 12, 126),
(1903, '4:34:34 ', 2, 126),
(1904, '00:55:02 ', 20, 126),
(1905, '4:35:26 ', 6, 126),
(1906, '4:19:20 ', 13, 126),
(1907, '2:59:06 ', 21, 126),
(1908, '3:14:39 ', 5, 126),
(1909, '5:09:39 ', 9, 126),
(1910, '4:47:51 ', 15, 126),
(1911, '4:58:03 ', 14, 126),
(1912, '4:20:13 ', 8, 127),
(1913, '00:55:30 ', 20, 127),
(1914, '3:58:52 ', 17, 127),
(1915, '4:15:53 ', 7, 127),
(1916, '3:01:04 ', 21, 127),
(1917, '4:26:16 ', 13, 127),
(1918, '3:45:12 ', 10, 127),
(1919, '4:56:28 ', 14, 127),
(1920, '4:52:11 ', 11, 127),
(1921, '4:02:51 ', 19, 127),
(1922, '4:35:31 ', 18, 127),
(1923, '00:16:20 ', 1, 127),
(1924, '4:55:08 ', 16, 127),
(1925, '4:38:41 ', 6, 127),
(1926, '5:14:14 ', 9, 127),
(1927, '4:34:34 ', 2, 127),
(1928, '4:47:51 ', 15, 127),
(1929, '3:13:35 ', 5, 127),
(1930, '4:11:33 ', 3, 127),
(1931, '4:05:28 ', 4, 127),
(1932, '5:28:35 ', 12, 127),
(1933, '4:48:34 ', 11, 128),
(1934, '3:54:30 ', 19, 128),
(1935, '4:28:36 ', 15, 128),
(1936, '4:34:41 ', 6, 128),
(1937, '3:37:52 ', 17, 128),
(1938, '5:16:59 ', 12, 128),
(1939, '5:05:24 ', 9, 128),
(1940, '2:58:55 ', 21, 128),
(1941, '00:54:23 ', 20, 128),
(1942, '00:16:32 ', 1, 128),
(1943, '4:24:24 ', 18, 128),
(1944, '4:10:31 ', 7, 128),
(1945, '4:01:44 ', 4, 128),
(1946, '4:11:56 ', 3, 128),
(1947, '3:19:05 ', 10, 128),
(1948, '3:18:06 ', 5, 128),
(1949, '4:13:30 ', 8, 128),
(1950, '4:34:34 ', 2, 128),
(1951, '4:48:46 ', 16, 128),
(1952, '4:18:48 ', 13, 128),
(1953, '4:55:10 ', 14, 128),
(1954, '4:21:40 ', 11, 131),
(1955, '3:27:44 ', 10, 131),
(1956, '4:27:18 ', 6, 131),
(1957, '4:32:28 ', 16, 131),
(1958, '4:11:33 ', 3, 131),
(1959, '5:00:53 ', 12, 131),
(1960, '3:16:34 ', 5, 131),
(1961, '4:18:48 ', 13, 131),
(1962, '4:34:34 ', 2, 131),
(1963, '2:58:32 ', 21, 131),
(1964, '4:44:17 ', 14, 131),
(1965, '00:16:02 ', 1, 131),
(1966, '3:52:25 ', 19, 131),
(1967, '4:47:37 ', 9, 131),
(1968, '3:28:25 ', 17, 131),
(1969, '4:00:14 ', 7, 131),
(1970, '4:01:44 ', 4, 131),
(1971, '4:27:27 ', 15, 131),
(1972, '4:13:06 ', 8, 131),
(1973, '00:51:36 ', 20, 131),
(1974, '4:02:59 ', 18, 131),
(1975, '4:46:45 ', 16, 132),
(1976, '00:54:15 ', 20, 132);
INSERT INTO `Performance` (`idPerformance`, `temps`, `numEtape`, `numDossard`) VALUES
(1977, '4:11:52 ', 7, 132),
(1978, '4:34:41 ', 6, 132),
(1979, '3:54:30 ', 19, 132),
(1980, '3:28:15 ', 5, 132),
(1981, '3:52:17 ', 17, 132),
(1982, '4:40:04 ', 15, 132),
(1983, '4:12:12 ', 3, 132),
(1984, '4:19:01 ', 13, 132),
(1985, '4:26:30 ', 18, 132),
(1986, '4:17:05 ', 8, 132),
(1987, '4:07:01 ', 4, 132),
(1988, '4:34:34 ', 2, 132),
(1989, '4:55:19 ', 14, 132),
(1990, '3:38:40 ', 10, 132),
(1991, '00:16:40 ', 1, 132),
(1992, '2:58:32 ', 21, 132),
(1993, '5:23:02 ', 12, 132),
(1994, '4:52:11 ', 11, 132),
(1995, '5:14:14 ', 9, 132),
(1996, '4:27:51 ', 15, 133),
(1997, '00:16:59 ', 1, 133),
(1998, '4:15:24 ', 8, 133),
(1999, '4:06:30 ', 7, 133),
(2000, '3:32:07 ', 5, 133),
(2001, '3:54:30 ', 19, 133),
(2002, '3:28:12 ', 10, 133),
(2003, '4:20:17 ', 18, 133),
(2004, '4:01:44 ', 4, 133),
(2005, '4:44:32 ', 16, 133),
(2006, '4:43:56 ', 11, 133),
(2007, '4:34:34 ', 2, 133),
(2008, '4:15:00 ', 3, 133),
(2009, '4:51:27 ', 14, 133),
(2010, '2:59:25 ', 21, 133),
(2011, '4:18:58 ', 13, 133),
(2012, '5:07:40 ', 12, 133),
(2013, '3:47:29 ', 17, 133),
(2014, '4:58:41 ', 9, 133),
(2015, '00:54:38 ', 20, 133),
(2016, '4:31:17 ', 6, 133),
(2017, '5:05:24 ', 9, 134),
(2018, '3:45:12 ', 10, 134),
(2019, '4:55:08 ', 16, 134),
(2020, '4:26:16 ', 13, 134),
(2021, '4:11:52 ', 7, 134),
(2022, '5:24:22 ', 12, 134),
(2023, '4:01:44 ', 4, 134),
(2024, '4:12:12 ', 3, 134),
(2025, '4:54:19 ', 14, 134),
(2026, '4:48:34 ', 11, 134),
(2027, '4:34:34 ', 2, 134),
(2028, '4:19:22 ', 8, 134),
(2029, '3:25:17 ', 5, 134),
(2030, '00:16:26 ', 1, 134),
(2031, '4:28:59 ', 15, 134),
(2032, '4:33:28 ', 6, 134),
(2033, '4:19:22 ', 8, 135),
(2034, '4:39:40 ', 15, 135),
(2035, '5:29:13 ', 12, 135),
(2036, '3:59:57 ', 19, 135),
(2037, '4:05:28 ', 4, 135),
(2038, '4:26:16 ', 13, 135),
(2039, '00:16:49 ', 1, 135),
(2040, '4:10:21 ', 7, 135),
(2041, '4:32:13 ', 18, 135),
(2042, '3:52:32 ', 17, 135),
(2043, '4:13:24 ', 3, 135),
(2044, '00:55:07 ', 20, 135),
(2045, '3:40:35 ', 10, 135),
(2046, '4:34:34 ', 2, 135),
(2047, '2:58:55 ', 21, 135),
(2048, '4:54:16 ', 16, 135),
(2049, '3:25:17 ', 5, 135),
(2050, '4:54:19 ', 14, 135),
(2051, '4:55:25 ', 11, 135),
(2052, '4:36:24 ', 6, 135),
(2053, '5:10:49 ', 9, 135),
(2054, '00:16:07 ', 1, 136),
(2055, '4:34:34 ', 2, 136),
(2056, '4:16:18 ', 7, 136),
(2057, '4:42:03 ', 6, 136),
(2058, '4:05:28 ', 4, 136),
(2059, '3:42:57 ', 5, 136),
(2060, '4:12:12 ', 3, 136),
(2061, '3:52:05 ', 19, 137),
(2062, '5:09:02 ', 12, 137),
(2063, '2:58:32 ', 21, 137),
(2064, '4:27:27 ', 15, 137),
(2065, '00:16:23 ', 1, 137),
(2066, '4:51:27 ', 14, 137),
(2067, '4:11:33 ', 3, 137),
(2068, '3:50:59 ', 17, 137),
(2069, '4:34:34 ', 2, 137),
(2070, '4:31:17 ', 6, 137),
(2071, '4:15:24 ', 8, 137),
(2072, '00:51:53 ', 20, 137),
(2073, '4:18:48 ', 13, 137),
(2074, '4:03:10 ', 4, 137),
(2075, '4:15:34 ', 18, 137),
(2076, '5:02:41 ', 9, 137),
(2077, '3:19:52 ', 10, 137),
(2078, '3:22:59 ', 5, 137),
(2079, '4:06:18 ', 7, 137),
(2080, '4:45:18 ', 11, 137),
(2081, '4:32:28 ', 16, 137),
(2082, '5:11:31 ', 12, 138),
(2083, '4:51:27 ', 14, 138),
(2084, '4:32:50 ', 6, 138),
(2085, '4:34:34 ', 2, 138),
(2086, '3:35:15 ', 17, 138),
(2087, '4:58:41 ', 9, 138),
(2088, '4:05:00 ', 7, 138),
(2089, '4:27:27 ', 15, 138),
(2090, '3:28:05 ', 10, 138),
(2091, '00:52:59 ', 20, 138),
(2092, '3:53:01 ', 19, 138),
(2093, '3:28:15 ', 5, 138),
(2094, '4:44:32 ', 16, 138),
(2095, '2:58:32 ', 21, 138),
(2096, '00:17:02 ', 1, 138),
(2097, '4:18:48 ', 8, 138),
(2098, '4:28:37 ', 18, 138),
(2099, '4:18:48 ', 13, 138),
(2100, '4:40:22 ', 11, 138),
(2101, '4:01:44 ', 4, 138),
(2102, '4:12:12 ', 3, 138),
(2103, '00:16:31 ', 1, 141),
(2104, '00:51:59 ', 20, 141),
(2105, '2:59:44 ', 21, 141),
(2106, '3:59:25 ', 7, 141),
(2107, '4:26:16 ', 13, 141),
(2108, '4:53:45 ', 9, 141),
(2109, '4:46:47 ', 11, 141),
(2110, '4:13:17 ', 8, 141),
(2111, '4:01:44 ', 4, 141),
(2112, '4:46:45 ', 16, 141),
(2113, '4:32:10 ', 14, 141),
(2114, '3:35:19 ', 17, 141),
(2115, '3:14:39 ', 5, 141),
(2116, '5:23:02 ', 12, 141),
(2117, '4:27:18 ', 6, 141),
(2118, '4:10:29 ', 18, 141),
(2119, '3:55:58 ', 19, 141),
(2120, '4:31:14 ', 15, 141),
(2121, '3:28:30 ', 10, 141),
(2122, '4:12:12 ', 3, 141),
(2123, '4:34:34 ', 2, 141),
(2124, '3:14:39 ', 5, 142),
(2125, '00:16:55 ', 1, 142),
(2126, '4:01:44 ', 4, 142),
(2127, '4:00:56 ', 7, 142),
(2128, '4:33:28 ', 6, 142),
(2129, '4:15:00 ', 3, 142),
(2130, '4:45:38 ', 2, 142),
(2131, '4:15:24 ', 8, 142),
(2132, '00:16:06 ', 1, 143),
(2133, '3:18:40 ', 5, 143),
(2134, '4:19:18 ', 13, 143),
(2135, '4:46:45 ', 16, 143),
(2136, '4:34:34 ', 2, 143),
(2137, '5:05:24 ', 9, 143),
(2138, '3:25:47 ', 10, 143),
(2139, '4:05:41 ', 7, 143),
(2140, '4:48:34 ', 11, 143),
(2141, '5:24:22 ', 12, 143),
(2142, '4:30:01 ', 6, 143),
(2143, '00:50:24 ', 20, 143),
(2144, '2:58:32 ', 21, 143),
(2145, '4:32:13 ', 18, 143),
(2146, '4:13:06 ', 8, 143),
(2147, '4:03:10 ', 4, 143),
(2148, '3:52:17 ', 17, 143),
(2149, '4:31:08 ', 14, 143),
(2150, '4:27:51 ', 15, 143),
(2151, '3:52:05 ', 19, 143),
(2152, '4:12:12 ', 3, 143),
(2153, '3:52:52 ', 19, 144),
(2154, '3:41:57 ', 10, 144),
(2155, '3:16:34 ', 5, 144),
(2156, '4:20:13 ', 8, 144),
(2157, '5:14:14 ', 9, 144),
(2158, '2:59:06 ', 21, 144),
(2159, '4:01:44 ', 4, 144),
(2160, '5:24:22 ', 12, 144),
(2161, '00:52:51 ', 20, 144),
(2162, '00:16:29 ', 1, 144),
(2163, '4:34:34 ', 2, 144),
(2164, '4:48:34 ', 11, 144),
(2165, '3:52:17 ', 17, 144),
(2166, '4:26:16 ', 13, 144),
(2167, '4:32:13 ', 18, 144),
(2168, '4:11:33 ', 3, 144),
(2169, '4:54:19 ', 14, 144),
(2170, '4:27:27 ', 15, 144),
(2171, '4:11:52 ', 7, 144),
(2172, '4:43:16 ', 16, 144),
(2173, '4:12:12 ', 3, 145),
(2174, '4:52:08 ', 11, 145),
(2175, '4:54:19 ', 14, 145),
(2176, '4:09:28 ', 7, 145),
(2177, '5:04:21 ', 9, 145),
(2178, '4:19:01 ', 13, 145),
(2179, '4:34:27 ', 6, 145),
(2180, '3:52:17 ', 17, 145),
(2181, '4:32:13 ', 18, 145),
(2182, '4:47:51 ', 15, 145),
(2183, '00:52:18 ', 20, 145),
(2184, '3:55:51 ', 19, 145),
(2185, '4:07:01 ', 4, 145),
(2186, '4:19:16 ', 8, 145),
(2187, '4:48:43 ', 16, 145),
(2188, '3:22:59 ', 5, 145),
(2189, '2:59:48 ', 21, 145),
(2190, '5:23:02 ', 12, 145),
(2191, '3:33:32 ', 10, 145),
(2192, '00:16:18 ', 1, 145),
(2193, '4:34:34 ', 2, 145),
(2194, '4:55:10 ', 14, 146),
(2195, '00:15:38 ', 1, 146),
(2196, '4:14:58 ', 3, 146),
(2197, '4:42:51 ', 2, 146),
(2198, '4:38:41 ', 6, 146),
(2199, '4:19:16 ', 8, 146),
(2200, '5:25:44 ', 12, 146),
(2201, '5:10:17 ', 9, 146),
(2202, '4:53:50 ', 11, 146),
(2203, '3:18:50 ', 10, 146),
(2204, '4:07:01 ', 4, 146),
(2205, '3:14:05 ', 5, 146),
(2206, '4:26:16 ', 13, 146),
(2207, '4:11:52 ', 7, 146),
(2208, '4:17:31 ', 18, 147),
(2209, '4:27:13 ', 6, 147),
(2210, '00:50:44 ', 20, 147),
(2211, '2:58:32 ', 21, 147),
(2212, '4:29:32 ', 16, 147),
(2213, '4:47:42 ', 9, 147),
(2214, '4:01:44 ', 4, 147),
(2215, '3:27:44 ', 10, 147),
(2216, '4:00:03 ', 7, 147),
(2217, '3:13:39 ', 5, 147),
(2218, '3:52:29 ', 19, 147),
(2219, '4:34:09 ', 14, 147),
(2220, '4:19:01 ', 13, 147),
(2221, '4:27:27 ', 15, 147),
(2222, '00:16:05 ', 1, 147),
(2223, '4:44:46 ', 11, 147),
(2224, '3:34:50 ', 17, 147),
(2225, '4:57:53 ', 12, 147),
(2226, '4:34:34 ', 2, 147),
(2227, '4:13:06 ', 8, 147),
(2228, '4:11:33 ', 3, 147),
(2229, '00:16:12 ', 1, 148),
(2230, '3:41:57 ', 10, 148),
(2231, '4:12:12 ', 3, 148),
(2232, '4:27:27 ', 15, 148),
(2233, '5:14:14 ', 9, 148),
(2234, '3:03:56 ', 21, 148),
(2235, '5:24:22 ', 12, 148),
(2236, '4:48:34 ', 11, 148),
(2237, '3:51:30 ', 17, 148),
(2238, '3:54:30 ', 19, 148),
(2239, '4:34:41 ', 6, 148),
(2240, '00:52:45 ', 20, 148),
(2241, '4:48:46 ', 16, 148),
(2242, '3:28:15 ', 5, 148),
(2243, '4:01:44 ', 4, 148),
(2244, '4:32:13 ', 18, 148),
(2245, '4:54:19 ', 14, 148),
(2246, '4:34:34 ', 2, 148),
(2247, '4:18:48 ', 13, 148),
(2248, '4:11:29 ', 7, 148),
(2249, '4:20:13 ', 8, 148),
(2250, '4:27:13 ', 6, 151),
(2251, '4:47:31 ', 9, 151),
(2252, '4:13:06 ', 8, 151),
(2253, '4:34:34 ', 2, 151),
(2254, '4:05:12 ', 18, 151),
(2255, '4:11:33 ', 3, 151),
(2256, '3:59:31 ', 7, 151),
(2257, '3:52:05 ', 19, 151),
(2258, '3:29:23 ', 17, 151),
(2259, '3:27:44 ', 10, 151),
(2260, '00:16:06 ', 1, 151),
(2261, '4:19:01 ', 11, 151),
(2262, '2:58:32 ', 21, 151),
(2263, '4:01:44 ', 4, 151),
(2264, '4:43:44 ', 14, 151),
(2265, '4:18:48 ', 13, 151),
(2266, '4:29:41 ', 16, 151),
(2267, '4:27:27 ', 15, 151),
(2268, '3:14:39 ', 5, 151),
(2269, '5:00:08 ', 12, 151),
(2270, '00:52:07 ', 20, 151),
(2271, '5:24:22 ', 12, 152),
(2272, '00:16:29 ', 1, 152),
(2273, '4:01:27 ', 7, 152),
(2274, '4:11:33 ', 3, 152),
(2275, '4:54:16 ', 9, 152),
(2276, '4:28:54 ', 6, 152),
(2277, '4:22:18 ', 11, 152),
(2278, '4:01:44 ', 4, 152),
(2279, '3:28:19 ', 10, 152),
(2280, '4:13:06 ', 8, 152),
(2281, '4:34:34 ', 2, 152),
(2282, '3:14:39 ', 5, 152),
(2283, '4:12:12 ', 3, 153),
(2284, '3:25:17 ', 5, 153),
(2285, '00:16:27 ', 1, 153),
(2286, '4:45:18 ', 11, 153),
(2287, '4:28:54 ', 6, 153),
(2288, '3:48:42 ', 17, 153),
(2289, '4:01:44 ', 4, 153),
(2290, '5:19:47 ', 12, 153),
(2291, '3:29:24 ', 10, 153),
(2292, '4:27:27 ', 15, 153),
(2293, '4:34:34 ', 2, 153),
(2294, '3:54:30 ', 19, 153),
(2295, '4:05:13 ', 7, 153),
(2296, '4:15:11 ', 8, 153),
(2297, '5:02:41 ', 9, 153),
(2298, '2:59:06 ', 21, 153),
(2299, '4:52:43 ', 14, 153),
(2300, '4:19:01 ', 13, 153),
(2301, '00:54:15 ', 20, 153),
(2302, '4:40:37 ', 16, 153),
(2303, '4:32:13 ', 18, 153),
(2304, '00:54:42 ', 20, 154),
(2305, '4:34:34 ', 2, 154),
(2306, '4:37:37 ', 6, 154),
(2307, '3:40:09 ', 10, 154),
(2308, '4:30:16 ', 15, 154),
(2309, '5:14:14 ', 9, 154),
(2310, '4:32:13 ', 18, 154),
(2311, '3:52:05 ', 19, 154),
(2312, '2:58:55 ', 21, 154),
(2313, '00:16:26 ', 1, 154),
(2314, '4:18:48 ', 13, 154),
(2315, '4:54:16 ', 16, 154),
(2316, '4:54:19 ', 14, 154),
(2317, '3:46:05 ', 17, 154),
(2318, '4:01:44 ', 4, 154),
(2319, '4:11:27 ', 7, 154),
(2320, '5:29:13 ', 12, 154),
(2321, '4:11:33 ', 3, 154),
(2322, '4:52:33 ', 11, 154),
(2323, '3:17:23 ', 5, 154),
(2324, '4:17:43 ', 8, 154),
(2325, '4:34:34 ', 2, 155),
(2326, '4:54:16 ', 16, 155),
(2327, '4:12:13 ', 7, 155),
(2328, '00:16:29 ', 1, 155),
(2329, '4:21:16 ', 8, 155),
(2330, '5:31:24 ', 12, 155),
(2331, '4:54:20 ', 11, 155),
(2332, '3:52:43 ', 17, 155),
(2333, '3:52:05 ', 19, 155),
(2334, '3:14:39 ', 5, 155),
(2335, '4:32:36 ', 6, 155),
(2336, '3:29:44 ', 10, 155),
(2337, '2:58:32 ', 21, 155),
(2338, '5:14:14 ', 9, 155),
(2339, '4:56:23 ', 14, 155),
(2340, '4:01:44 ', 4, 155),
(2341, '4:19:14 ', 13, 155),
(2342, '00:54:46 ', 20, 155),
(2343, '4:33:05 ', 18, 155),
(2344, '4:11:33 ', 3, 155),
(2345, '4:27:27 ', 15, 155),
(2346, '4:23:48 ', 18, 156),
(2347, '4:45:18 ', 11, 156),
(2348, '3:53:13 ', 19, 156),
(2349, '4:36:24 ', 6, 156),
(2350, '5:02:41 ', 9, 156),
(2351, '4:47:59 ', 15, 156),
(2352, '4:01:44 ', 4, 156),
(2353, '3:22:59 ', 5, 156),
(2354, '5:25:26 ', 12, 156),
(2355, '4:54:31 ', 14, 156),
(2356, '4:07:42 ', 7, 156),
(2357, '4:34:34 ', 2, 156),
(2358, '00:52:36 ', 20, 156),
(2359, '00:16:39 ', 1, 156),
(2360, '2:59:38 ', 21, 156),
(2361, '4:17:59 ', 8, 156),
(2362, '3:51:30 ', 17, 156),
(2363, '4:12:12 ', 3, 156),
(2364, '3:33:32 ', 10, 156),
(2365, '4:26:16 ', 13, 156),
(2366, '4:46:45 ', 16, 156),
(2367, '4:40:15 ', 16, 157),
(2368, '2:58:32 ', 21, 157),
(2369, '3:14:39 ', 5, 157),
(2370, '4:34:34 ', 2, 157),
(2371, '4:01:44 ', 4, 157),
(2372, '4:52:43 ', 14, 157),
(2373, '4:31:17 ', 6, 157),
(2374, '4:32:13 ', 18, 157),
(2375, '4:06:30 ', 7, 157),
(2376, '5:02:41 ', 9, 157),
(2377, '4:12:12 ', 3, 157),
(2378, '5:11:55 ', 12, 157),
(2379, '4:18:48 ', 13, 157),
(2380, '3:53:01 ', 19, 157),
(2381, '3:48:42 ', 17, 157),
(2382, '4:17:43 ', 8, 157),
(2383, '4:27:27 ', 15, 157),
(2384, '00:53:45 ', 20, 157),
(2385, '00:17:05 ', 1, 157),
(2386, '4:45:18 ', 11, 157),
(2387, '3:30:04 ', 10, 157),
(2388, '3:20:11 ', 5, 158),
(2389, '00:16:06 ', 1, 158),
(2390, '4:52:11 ', 11, 158),
(2391, '2:58:32 ', 21, 158),
(2392, '4:48:46 ', 16, 158),
(2393, '4:32:13 ', 18, 158),
(2394, '3:20:46 ', 10, 158),
(2395, '3:52:17 ', 17, 158),
(2396, '3:55:51 ', 19, 158),
(2397, '4:11:33 ', 3, 158),
(2398, '4:01:44 ', 4, 158),
(2399, '5:14:14 ', 9, 158),
(2400, '4:17:59 ', 8, 158),
(2401, '4:19:18 ', 13, 158),
(2402, '4:15:25 ', 7, 158),
(2403, '4:54:19 ', 14, 158),
(2404, '00:51:02 ', 20, 158),
(2405, '5:26:15 ', 12, 158),
(2406, '4:27:51 ', 15, 158),
(2407, '4:37:18 ', 6, 158),
(2408, '4:34:34 ', 2, 158),
(2409, '5:10:00 ', 14, 161),
(2410, '4:48:01 ', 15, 161),
(2411, '2:58:32 ', 21, 161),
(2412, '5:33:49 ', 12, 161),
(2413, '3:52:05 ', 19, 161),
(2414, '4:33:08 ', 13, 161),
(2415, '4:57:01 ', 11, 161),
(2416, '3:52:17 ', 17, 161),
(2417, '4:55:08 ', 16, 161),
(2418, '4:15:53 ', 7, 161),
(2419, '4:34:34 ', 2, 161),
(2420, '5:22:44 ', 9, 161),
(2421, '3:25:29 ', 5, 161),
(2422, '4:11:33 ', 3, 161),
(2423, '4:41:54 ', 6, 161),
(2424, '4:01:44 ', 4, 161),
(2425, '3:49:56 ', 10, 161),
(2426, '00:17:14 ', 1, 161),
(2427, '00:56:49 ', 20, 161),
(2428, '4:33:49 ', 18, 161),
(2429, '4:21:22 ', 8, 161),
(2430, '4:11:56 ', 3, 162),
(2431, '3:47:07 ', 10, 162),
(2432, '3:52:32 ', 17, 162),
(2433, '00:17:58 ', 1, 162),
(2434, '4:33:08 ', 13, 162),
(2435, '5:33:34 ', 12, 162),
(2436, '4:15:55 ', 7, 162),
(2437, '4:34:34 ', 2, 162),
(2438, '4:34:41 ', 6, 162),
(2439, '4:57:01 ', 11, 162),
(2440, '3:16:28 ', 5, 162),
(2441, '4:47:43 ', 15, 162),
(2442, '4:27:43 ', 8, 162),
(2443, '5:10:00 ', 14, 162),
(2444, '3:00:21 ', 21, 162),
(2445, '5:22:44 ', 9, 162),
(2446, '00:54:57 ', 20, 162),
(2447, '4:33:55 ', 18, 162),
(2448, '4:01:44 ', 4, 162),
(2449, '3:54:30 ', 19, 162),
(2450, '4:55:08 ', 16, 162),
(2451, '4:40:37 ', 16, 163),
(2452, '4:54:19 ', 14, 163),
(2453, '5:26:29 ', 12, 163),
(2454, '4:34:34 ', 2, 163),
(2455, '4:00:46 ', 19, 163),
(2456, '4:06:12 ', 7, 163),
(2457, '3:17:47 ', 5, 163),
(2458, '4:56:20 ', 11, 163),
(2459, '4:27:27 ', 15, 163),
(2460, '00:55:27 ', 20, 163),
(2461, '3:30:04 ', 10, 163),
(2462, '4:30:50 ', 18, 163),
(2463, '4:33:08 ', 13, 163),
(2464, '4:12:12 ', 3, 163),
(2465, '4:01:44 ', 4, 163),
(2466, '3:00:40 ', 21, 163),
(2467, '3:52:25 ', 17, 163),
(2468, '5:14:14 ', 9, 163),
(2469, '4:28:13 ', 6, 163),
(2470, '00:16:40 ', 1, 163),
(2471, '4:15:06 ', 8, 163),
(2472, '5:33:50 ', 12, 164),
(2473, '3:52:52 ', 19, 164),
(2474, '00:16:49 ', 1, 164),
(2475, '3:58:05 ', 17, 164),
(2476, '3:17:47 ', 5, 164),
(2477, '4:34:34 ', 2, 164),
(2478, '5:10:00 ', 14, 164),
(2479, '4:11:33 ', 3, 164),
(2480, '4:20:38 ', 8, 164),
(2481, '4:41:54 ', 6, 164),
(2482, '4:47:43 ', 15, 164),
(2483, '4:01:44 ', 4, 164),
(2484, '3:47:27 ', 10, 164),
(2485, '5:22:44 ', 9, 164),
(2486, '4:15:32 ', 7, 164),
(2487, '00:53:54 ', 20, 164),
(2488, '4:55:08 ', 16, 164),
(2489, '4:33:28 ', 18, 164),
(2490, '2:58:32 ', 21, 164),
(2491, '4:33:08 ', 13, 164),
(2492, '4:57:23 ', 11, 164),
(2493, '00:55:20 ', 20, 165),
(2494, '3:50:59 ', 17, 165),
(2495, '4:32:55 ', 14, 165),
(2496, '4:13:06 ', 8, 165),
(2497, '4:11:33 ', 3, 165),
(2498, '5:23:02 ', 12, 165),
(2499, '4:53:37 ', 16, 165),
(2500, '4:07:01 ', 4, 165),
(2501, '3:05:16 ', 21, 165),
(2502, '3:45:12 ', 10, 165),
(2503, '4:26:30 ', 18, 165),
(2504, '4:11:52 ', 7, 165),
(2505, '00:16:49 ', 1, 165),
(2506, '5:05:24 ', 9, 165),
(2507, '4:18:48 ', 13, 165),
(2508, '4:31:14 ', 15, 165),
(2509, '4:34:34 ', 2, 165),
(2510, '3:22:59 ', 5, 165),
(2511, '4:57:01 ', 11, 165),
(2512, '4:27:39 ', 6, 165),
(2513, '4:00:06 ', 19, 165),
(2514, '4:44:43 ', 15, 166),
(2515, '5:22:44 ', 9, 166),
(2516, '4:34:41 ', 6, 166),
(2517, '00:16:42 ', 1, 166),
(2518, '2:59:20 ', 21, 166),
(2519, '4:34:34 ', 2, 166),
(2520, '3:54:43 ', 19, 166),
(2521, '4:16:35 ', 8, 166),
(2522, '4:33:08 ', 13, 166),
(2523, '3:50:59 ', 17, 166),
(2524, '4:32:13 ', 18, 166),
(2525, '3:47:07 ', 10, 166),
(2526, '4:05:28 ', 4, 166),
(2527, '00:53:24 ', 20, 166),
(2528, '4:55:08 ', 16, 166),
(2529, '5:26:12 ', 12, 166),
(2530, '4:09:28 ', 7, 166),
(2531, '4:54:19 ', 14, 166),
(2532, '4:11:33 ', 3, 166),
(2533, '4:57:01 ', 11, 166),
(2534, '3:22:25 ', 5, 166),
(2535, '4:57:01 ', 11, 167),
(2536, '4:19:22 ', 8, 167),
(2537, '4:15:53 ', 7, 167),
(2538, '4:34:31 ', 18, 167),
(2539, '3:50:59 ', 17, 167),
(2540, '3:53:53 ', 19, 167),
(2541, '4:33:08 ', 13, 167),
(2542, '00:15:50 ', 1, 167),
(2543, '4:11:33 ', 3, 167),
(2544, '4:54:19 ', 14, 167),
(2545, '4:01:44 ', 4, 167),
(2546, '2:59:34 ', 21, 167),
(2547, '3:16:28 ', 5, 167),
(2548, '5:14:14 ', 9, 167),
(2549, '4:55:08 ', 16, 167),
(2550, '4:34:41 ', 6, 167),
(2551, '00:51:13 ', 20, 167),
(2552, '4:27:27 ', 15, 167),
(2553, '4:34:34 ', 2, 167),
(2554, '3:47:07 ', 10, 167),
(2555, '5:33:34 ', 12, 167),
(2556, '4:07:15 ', 7, 168),
(2557, '4:14:27 ', 8, 168),
(2558, '4:34:34 ', 2, 168),
(2559, '4:47:43 ', 15, 168),
(2560, '4:01:44 ', 4, 168),
(2561, '5:22:44 ', 9, 168),
(2562, '4:28:40 ', 6, 168),
(2563, '4:33:08 ', 13, 168),
(2564, '3:35:59 ', 10, 168),
(2565, '4:31:03 ', 16, 168),
(2566, '3:25:17 ', 5, 168),
(2567, '5:33:42 ', 12, 168),
(2568, '5:10:00 ', 14, 168),
(2569, '00:16:26 ', 1, 168),
(2570, '4:57:01 ', 11, 168),
(2571, '4:11:33 ', 3, 168),
(2572, '4:01:44 ', 4, 171),
(2573, '3:14:39 ', 5, 171),
(2574, '4:13:03 ', 13, 171),
(2575, '00:54:29 ', 20, 171),
(2576, '4:18:16 ', 7, 171),
(2577, '3:57:54 ', 17, 171),
(2578, '4:35:31 ', 18, 171),
(2579, '5:14:14 ', 9, 171),
(2580, '4:50:44 ', 11, 171),
(2581, '3:37:46 ', 10, 171),
(2582, '00:15:32 ', 1, 171),
(2583, '5:23:58 ', 12, 171),
(2584, '4:55:08 ', 16, 171),
(2585, '4:58:57 ', 14, 171),
(2586, '4:00:06 ', 19, 171),
(2587, '2:58:55 ', 21, 171),
(2588, '4:27:27 ', 15, 171),
(2589, '4:34:34 ', 2, 171),
(2590, '4:11:33 ', 3, 171),
(2591, '4:22:17 ', 8, 171),
(2592, '4:38:41 ', 6, 171),
(2593, '4:26:16 ', 13, 172),
(2594, '4:07:01 ', 4, 172),
(2595, '4:54:19 ', 14, 172),
(2596, '3:22:59 ', 5, 172),
(2597, '4:15:10 ', 7, 172),
(2598, '4:00:02 ', 19, 172),
(2599, '5:14:14 ', 9, 172),
(2600, '00:16:12 ', 1, 172),
(2601, '4:34:34 ', 2, 172),
(2602, '3:39:18 ', 10, 172),
(2603, '4:58:56 ', 12, 172),
(2604, '4:17:52 ', 18, 172),
(2605, '4:50:20 ', 11, 172),
(2606, '4:22:17 ', 8, 172),
(2607, '4:12:12 ', 3, 172),
(2608, '4:44:32 ', 16, 172),
(2609, '4:34:27 ', 6, 172),
(2610, '3:00:46 ', 21, 172),
(2611, '4:32:32 ', 15, 172),
(2612, '00:54:54 ', 20, 172),
(2613, '3:31:11 ', 17, 172),
(2614, '4:44:43 ', 15, 173),
(2615, '00:51:25 ', 20, 173),
(2616, '3:54:30 ', 19, 173),
(2617, '4:37:50 ', 16, 173),
(2618, '00:16:41 ', 1, 173),
(2619, '3:28:17 ', 10, 173),
(2620, '4:15:24 ', 8, 173),
(2621, '3:14:39 ', 5, 173),
(2622, '4:43:56 ', 11, 173),
(2623, '4:01:44 ', 4, 173),
(2624, '4:00:49 ', 7, 173),
(2625, '5:09:36 ', 12, 173),
(2626, '4:54:19 ', 14, 173),
(2627, '4:32:13 ', 18, 173),
(2628, '4:11:33 ', 3, 173),
(2629, '4:34:34 ', 2, 173),
(2630, '3:46:14 ', 17, 173),
(2631, '4:28:27 ', 6, 173),
(2632, '4:18:58 ', 13, 173),
(2633, '2:58:32 ', 21, 173),
(2634, '4:54:07 ', 9, 173),
(2635, '4:34:34 ', 2, 174),
(2636, '4:07:01 ', 4, 174),
(2637, '00:17:41 ', 1, 174),
(2638, '3:34:08 ', 5, 174),
(2639, '4:15:00 ', 3, 174),
(2640, '4:01:44 ', 4, 175),
(2641, '00:49:21 ', 20, 175),
(2642, '3:28:30 ', 10, 175),
(2643, '3:00:59 ', 21, 175),
(2644, '4:45:18 ', 11, 175),
(2645, '5:07:40 ', 12, 175),
(2646, '4:19:10 ', 13, 175),
(2647, '4:35:47 ', 14, 175),
(2648, '4:14:07 ', 18, 175),
(2649, '3:17:47 ', 5, 175),
(2650, '4:15:24 ', 8, 175),
(2651, '4:34:34 ', 2, 175),
(2652, '4:12:12 ', 3, 175),
(2653, '4:28:27 ', 6, 175),
(2654, '3:57:18 ', 19, 175),
(2655, '4:27:51 ', 15, 175),
(2656, '00:15:34 ', 1, 175),
(2657, '5:02:41 ', 9, 175),
(2658, '4:44:32 ', 16, 175),
(2659, '4:04:53 ', 7, 175),
(2660, '3:35:28 ', 17, 175),
(2661, '5:10:17 ', 9, 176),
(2662, '4:26:16 ', 13, 176),
(2663, '3:00:24 ', 21, 176),
(2664, '4:00:06 ', 19, 176),
(2665, '4:33:49 ', 18, 176),
(2666, '4:28:03 ', 15, 176),
(2667, '4:37:15 ', 14, 176),
(2668, '4:48:46 ', 16, 176),
(2669, '00:16:11 ', 1, 176),
(2670, '4:11:33 ', 3, 176),
(2671, '3:19:50 ', 10, 176),
(2672, '4:34:34 ', 2, 176),
(2673, '3:22:59 ', 5, 176),
(2674, '4:38:41 ', 6, 176),
(2675, '5:23:02 ', 12, 176),
(2676, '4:07:01 ', 4, 176),
(2677, '4:12:24 ', 7, 176),
(2678, '3:46:00 ', 17, 176),
(2679, '00:55:26 ', 20, 176),
(2680, '4:22:28 ', 8, 176),
(2681, '4:48:39 ', 11, 176),
(2682, '4:01:44 ', 4, 177),
(2683, '4:19:06 ', 13, 177),
(2684, '3:14:39 ', 5, 177),
(2685, '00:54:02 ', 20, 177),
(2686, '5:25:44 ', 12, 177),
(2687, '00:15:58 ', 1, 177),
(2688, '4:54:19 ', 14, 177),
(2689, '4:01:16 ', 7, 177),
(2690, '4:27:47 ', 6, 177),
(2691, '3:45:12 ', 10, 177),
(2692, '4:32:25 ', 15, 177),
(2693, '4:13:17 ', 8, 177),
(2694, '4:34:34 ', 2, 177),
(2695, '2:58:32 ', 21, 177),
(2696, '4:23:48 ', 18, 177),
(2697, '4:48:46 ', 16, 177),
(2698, '5:21:24 ', 9, 177),
(2699, '3:52:25 ', 19, 177),
(2700, '3:37:16 ', 17, 177),
(2701, '4:11:33 ', 3, 177),
(2702, '4:57:01 ', 11, 177),
(2703, '4:35:31 ', 18, 178),
(2704, '4:27:27 ', 15, 178),
(2705, '2:58:32 ', 21, 178),
(2706, '3:52:35 ', 19, 178),
(2707, '4:19:20 ', 13, 178),
(2708, '3:14:26 ', 5, 178),
(2709, '4:13:55 ', 7, 178),
(2710, '3:45:12 ', 10, 178),
(2711, '4:34:41 ', 6, 178),
(2712, '4:01:44 ', 4, 178),
(2713, '00:16:06 ', 1, 178),
(2714, '4:56:25 ', 14, 178),
(2715, '00:54:41 ', 20, 178),
(2716, '3:50:59 ', 17, 178),
(2717, '4:34:34 ', 2, 178),
(2718, '4:16:05 ', 8, 178),
(2719, '4:57:01 ', 11, 178),
(2720, '4:53:35 ', 16, 178),
(2721, '5:05:24 ', 9, 178),
(2722, '4:11:33 ', 3, 178),
(2723, '5:23:02 ', 12, 178),
(2724, '3:45:12 ', 10, 181),
(2725, '4:34:00 ', 18, 181),
(2726, '4:34:34 ', 2, 181),
(2727, '4:01:44 ', 4, 181),
(2728, '5:14:14 ', 9, 181),
(2729, '4:20:13 ', 8, 181),
(2730, '3:58:30 ', 17, 181),
(2731, '2:58:32 ', 21, 181),
(2732, '00:16:49 ', 1, 181),
(2733, '4:32:36 ', 6, 181),
(2734, '4:56:25 ', 14, 181),
(2735, '5:31:21 ', 12, 181),
(2736, '4:27:27 ', 15, 181),
(2737, '4:54:27 ', 11, 181),
(2738, '00:54:29 ', 20, 181),
(2739, '3:25:17 ', 5, 181),
(2740, '4:11:33 ', 3, 181),
(2741, '4:33:08 ', 13, 181),
(2742, '3:52:25 ', 19, 181),
(2743, '4:15:04 ', 7, 181),
(2744, '4:55:08 ', 16, 181),
(2745, '3:13:37 ', 5, 182),
(2746, '4:17:08 ', 8, 182),
(2747, '4:18:48 ', 13, 182),
(2748, '4:01:44 ', 4, 182),
(2749, '4:47:44 ', 11, 182),
(2750, '00:54:18 ', 20, 182),
(2751, '4:08:09 ', 7, 182),
(2752, '4:32:13 ', 18, 182),
(2753, '3:20:46 ', 10, 182),
(2754, '4:55:08 ', 16, 182),
(2755, '4:27:27 ', 15, 182),
(2756, '4:56:25 ', 14, 182),
(2757, '4:28:54 ', 6, 182),
(2758, '3:53:37 ', 19, 182),
(2759, '5:23:02 ', 12, 182),
(2760, '2:58:32 ', 21, 182),
(2761, '00:16:12 ', 1, 182),
(2762, '3:52:17 ', 17, 182),
(2763, '4:11:33 ', 3, 182),
(2764, '4:34:34 ', 2, 182),
(2765, '5:14:14 ', 9, 182),
(2766, '3:58:44 ', 17, 183),
(2767, '4:05:28 ', 4, 183),
(2768, '4:52:11 ', 11, 183),
(2769, '4:34:41 ', 6, 183),
(2770, '4:33:08 ', 13, 183),
(2771, '2:58:32 ', 21, 183),
(2772, '4:34:01 ', 18, 183),
(2773, '3:52:45 ', 19, 183),
(2774, '4:55:08 ', 16, 183),
(2775, '4:56:28 ', 14, 183),
(2776, '3:22:59 ', 5, 183),
(2777, '00:17:10 ', 1, 183),
(2778, '4:20:13 ', 8, 183),
(2779, '5:14:14 ', 9, 183),
(2780, '4:11:33 ', 3, 183),
(2781, '00:51:01 ', 20, 183),
(2782, '5:31:21 ', 12, 183),
(2783, '4:34:34 ', 2, 183),
(2784, '4:15:10 ', 7, 183),
(2785, '4:28:19 ', 15, 183),
(2786, '3:45:12 ', 10, 183),
(2787, '4:13:06 ', 8, 184),
(2788, '5:29:34 ', 12, 184),
(2789, '4:18:48 ', 13, 184),
(2790, '4:53:28 ', 11, 184),
(2791, '00:52:28 ', 20, 184),
(2792, '5:14:14 ', 9, 184),
(2793, '00:17:39 ', 1, 184),
(2794, '3:45:12 ', 10, 184),
(2795, '4:34:34 ', 2, 184),
(2796, '4:28:51 ', 16, 184),
(2797, '4:32:13 ', 18, 184),
(2798, '2:59:17 ', 21, 184),
(2799, '4:16:10 ', 3, 184),
(2800, '3:35:15 ', 17, 184),
(2801, '4:34:41 ', 6, 184),
(2802, '3:25:17 ', 5, 184),
(2803, '4:55:16 ', 14, 184),
(2804, '3:56:04 ', 19, 184),
(2805, '4:09:51 ', 7, 184),
(2806, '4:01:44 ', 4, 184),
(2807, '4:31:14 ', 15, 184),
(2808, '4:47:43 ', 15, 185),
(2809, '4:01:35 ', 19, 185),
(2810, '4:24:37 ', 8, 185),
(2811, '00:51:45 ', 20, 185),
(2812, '00:16:30 ', 1, 185),
(2813, '4:34:34 ', 2, 185),
(2814, '4:26:16 ', 13, 185),
(2815, '5:23:02 ', 12, 185),
(2816, '5:02:41 ', 9, 185),
(2817, '4:22:39 ', 11, 185),
(2818, '2:59:29 ', 21, 185),
(2819, '4:01:53 ', 7, 185),
(2820, '4:54:19 ', 14, 185),
(2821, '4:13:27 ', 18, 185),
(2822, '4:12:12 ', 3, 185),
(2823, '4:01:44 ', 4, 185),
(2824, '3:25:17 ', 5, 185),
(2825, '3:33:54 ', 10, 185),
(2826, '3:49:28 ', 17, 185),
(2827, '4:55:08 ', 16, 185),
(2828, '4:27:13 ', 6, 185),
(2829, '00:16:41 ', 1, 186),
(2830, '4:34:34 ', 2, 186),
(2831, '3:26:42 ', 5, 186),
(2832, '4:01:44 ', 4, 186),
(2833, '4:16:59 ', 3, 186),
(2834, '3:59:26 ', 19, 187),
(2835, '5:28:25 ', 12, 187),
(2836, '3:58:07 ', 17, 187),
(2837, '00:16:18 ', 1, 187),
(2838, '5:14:14 ', 9, 187),
(2839, '4:28:36 ', 15, 187),
(2840, '4:24:37 ', 8, 187),
(2841, '4:55:08 ', 16, 187),
(2842, '4:56:25 ', 14, 187),
(2843, '4:49:27 ', 11, 187),
(2844, '00:54:49 ', 20, 187),
(2845, '4:16:48 ', 7, 187),
(2846, '4:08:37 ', 4, 187),
(2847, '3:34:08 ', 5, 187),
(2848, '4:32:58 ', 18, 187),
(2849, '3:45:12 ', 10, 187),
(2850, '4:16:10 ', 3, 187),
(2851, '2:59:29 ', 21, 187),
(2852, '4:45:57 ', 2, 187),
(2853, '4:26:23 ', 13, 187),
(2854, '3:17:47 ', 5, 188),
(2855, '4:14:04 ', 8, 188),
(2856, '4:28:33 ', 6, 188),
(2857, '5:22:38 ', 9, 188),
(2858, '4:06:18 ', 7, 188),
(2859, '4:12:12 ', 3, 188),
(2860, '00:17:00 ', 1, 188),
(2861, '4:34:34 ', 2, 188),
(2862, '4:01:44 ', 4, 188),
(2863, '4:27:27 ', 15, 191),
(2864, '4:19:14 ', 13, 191),
(2865, '4:54:19 ', 14, 191),
(2866, '4:02:28 ', 7, 191),
(2867, '4:15:24 ', 8, 191),
(2868, '00:16:33 ', 1, 191),
(2869, '3:44:38 ', 17, 191),
(2870, '4:58:41 ', 9, 191),
(2871, '4:01:44 ', 4, 191),
(2872, '4:12:12 ', 3, 191),
(2873, '4:34:34 ', 2, 191),
(2874, '4:57:30 ', 12, 191),
(2875, '4:45:18 ', 11, 191),
(2876, '4:32:50 ', 6, 191),
(2877, '3:17:47 ', 5, 191),
(2878, '3:28:05 ', 10, 191),
(2879, '4:32:28 ', 16, 191),
(2880, '4:19:22 ', 8, 192),
(2881, '3:57:58 ', 17, 192),
(2882, '3:52:29 ', 19, 192),
(2883, '4:34:41 ', 6, 192),
(2884, '4:53:35 ', 16, 192),
(2885, '4:55:19 ', 14, 192),
(2886, '4:07:01 ', 4, 192),
(2887, '3:18:40 ', 5, 192),
(2888, '4:34:34 ', 2, 192),
(2889, '4:13:49 ', 7, 192),
(2890, '3:45:12 ', 10, 192),
(2891, '4:32:13 ', 18, 192),
(2892, '4:12:12 ', 3, 192),
(2893, '00:55:12 ', 20, 192),
(2894, '4:18:48 ', 13, 192),
(2895, '00:16:43 ', 1, 192),
(2896, '5:28:17 ', 12, 192),
(2897, '4:44:43 ', 15, 192),
(2898, '5:22:38 ', 9, 192),
(2899, '4:52:11 ', 11, 192),
(2900, '5:15:04 ', 12, 193),
(2901, '3:13:35 ', 5, 193),
(2902, '4:12:33 ', 7, 193),
(2903, '4:17:19 ', 3, 193),
(2904, '4:07:01 ', 4, 193),
(2905, '5:05:24 ', 9, 193),
(2906, '4:34:34 ', 2, 193),
(2907, '4:19:22 ', 8, 193),
(2908, '4:55:19 ', 14, 193),
(2909, '4:19:20 ', 13, 193),
(2910, '4:46:47 ', 11, 193),
(2911, '00:16:43 ', 1, 193),
(2912, '4:36:24 ', 6, 193),
(2913, '3:23:09 ', 10, 193),
(2914, '4:27:18 ', 6, 194),
(2915, '4:47:43 ', 15, 194),
(2916, '4:11:33 ', 3, 194),
(2917, '4:03:57 ', 7, 194),
(2918, '4:34:34 ', 2, 194),
(2919, '3:14:39 ', 5, 194),
(2920, '4:01:44 ', 4, 194),
(2921, '4:17:59 ', 8, 194),
(2922, '5:15:04 ', 12, 194),
(2923, '5:14:14 ', 9, 194),
(2924, '00:16:12 ', 1, 194),
(2925, '4:19:14 ', 13, 194),
(2926, '3:33:32 ', 10, 194),
(2927, '4:31:51 ', 14, 194),
(2928, '4:46:47 ', 11, 194),
(2929, '2:59:25 ', 21, 195),
(2930, '4:31:14 ', 15, 195),
(2931, '5:17:51 ', 12, 195),
(2932, '4:45:18 ', 11, 195),
(2933, '4:15:00 ', 3, 195),
(2934, '3:45:12 ', 10, 195),
(2935, '4:02:51 ', 19, 195),
(2936, '4:31:17 ', 6, 195),
(2937, '4:48:46 ', 16, 195),
(2938, '4:34:34 ', 2, 195),
(2939, '4:16:36 ', 18, 195),
(2940, '3:22:59 ', 5, 195),
(2941, '4:58:41 ', 9, 195),
(2942, '4:54:19 ', 14, 195),
(2943, '4:22:42 ', 8, 195),
(2944, '00:55:50 ', 20, 195),
(2945, '4:06:18 ', 7, 195),
(2946, '00:17:42 ', 1, 195),
(2947, '4:07:01 ', 4, 195),
(2948, '3:57:50 ', 17, 195),
(2949, '4:26:16 ', 13, 195),
(2950, '00:54:39 ', 20, 196),
(2951, '4:06:18 ', 7, 196),
(2952, '4:45:18 ', 11, 196),
(2953, '4:23:47 ', 16, 196),
(2954, '2:59:25 ', 21, 196),
(2955, '3:33:54 ', 10, 196),
(2956, '5:15:04 ', 12, 196),
(2957, '4:15:24 ', 8, 196),
(2958, '00:16:04 ', 1, 196),
(2959, '4:27:27 ', 15, 196),
(2960, '4:31:17 ', 6, 196),
(2961, '4:13:03 ', 13, 196),
(2962, '4:54:16 ', 9, 196),
(2963, '4:52:43 ', 14, 196),
(2964, '4:34:34 ', 2, 196),
(2965, '3:14:39 ', 5, 196),
(2966, '4:07:17 ', 18, 196),
(2967, '3:44:38 ', 17, 196),
(2968, '3:52:05 ', 19, 196),
(2969, '4:12:12 ', 3, 196),
(2970, '4:01:44 ', 4, 196),
(2971, '4:47:43 ', 15, 197),
(2972, '3:32:24 ', 10, 197),
(2973, '3:16:34 ', 5, 197),
(2974, '4:34:41 ', 6, 197),
(2975, '00:16:20 ', 1, 197),
(2976, '4:12:12 ', 3, 197),
(2977, '5:14:14 ', 9, 197),
(2978, '4:32:13 ', 18, 197),
(2979, '2:58:32 ', 21, 197),
(2980, '4:14:50 ', 7, 197),
(2981, '4:34:34 ', 2, 197),
(2982, '4:18:48 ', 8, 197),
(2983, '4:48:52 ', 14, 197),
(2984, '00:54:40 ', 20, 197),
(2985, '3:51:06 ', 17, 197),
(2986, '4:26:16 ', 13, 197),
(2987, '5:29:13 ', 12, 197),
(2988, '4:40:10 ', 11, 197),
(2989, '4:01:44 ', 4, 197),
(2990, '4:40:37 ', 16, 197),
(2991, '3:53:53 ', 19, 197),
(2992, '5:14:14 ', 9, 198),
(2993, '3:54:30 ', 19, 198),
(2994, '4:01:44 ', 4, 198),
(2995, '4:19:20 ', 13, 198),
(2996, '4:00:45 ', 7, 198),
(2997, '00:56:02 ', 20, 198),
(2998, '4:45:18 ', 11, 198),
(2999, '4:27:18 ', 6, 198),
(3000, '5:21:39 ', 12, 198),
(3001, '00:16:46 ', 1, 198),
(3002, '3:17:47 ', 5, 198),
(3003, '4:35:38 ', 14, 198),
(3004, '3:33:32 ', 10, 198),
(3005, '3:50:59 ', 17, 198),
(3006, '4:23:16 ', 18, 198),
(3007, '4:12:12 ', 3, 198),
(3008, '4:31:14 ', 15, 198),
(3009, '4:13:06 ', 8, 198),
(3010, '4:24:57 ', 16, 198),
(3011, '4:34:34 ', 2, 198),
(3012, '00:15:42 ', 1, 201),
(3013, '4:55:08 ', 16, 201),
(3014, '4:01:44 ', 4, 201),
(3015, '5:14:14 ', 9, 201),
(3016, '5:22:26 ', 12, 201),
(3017, '00:52:02 ', 20, 201),
(3018, '3:54:43 ', 17, 201),
(3019, '4:34:12 ', 18, 201),
(3020, '3:22:59 ', 5, 201),
(3021, '3:45:12 ', 10, 201),
(3022, '4:13:06 ', 8, 201),
(3023, '4:19:14 ', 13, 201),
(3024, '4:30:53 ', 14, 201),
(3025, '4:34:34 ', 2, 201),
(3026, '4:12:33 ', 7, 201),
(3027, '3:56:04 ', 19, 201),
(3028, '4:52:01 ', 11, 201),
(3029, '2:58:55 ', 21, 201),
(3030, '4:45:13 ', 15, 201),
(3031, '4:11:33 ', 3, 201),
(3032, '4:27:13 ', 6, 201),
(3033, '4:15:36 ', 7, 202),
(3034, '4:11:33 ', 3, 202),
(3035, '00:56:06 ', 20, 202),
(3036, '3:16:34 ', 5, 202),
(3037, '4:20:41 ', 8, 202),
(3038, '3:01:42 ', 21, 202),
(3039, '4:58:10 ', 14, 202),
(3040, '4:55:25 ', 11, 202),
(3041, '4:36:15 ', 18, 202),
(3042, '4:32:50 ', 6, 202),
(3043, '5:31:52 ', 12, 202),
(3044, '4:00:06 ', 19, 202),
(3045, '3:58:23 ', 17, 202),
(3046, '5:14:14 ', 9, 202),
(3047, '4:26:16 ', 13, 202),
(3048, '4:34:34 ', 2, 202),
(3049, '4:44:43 ', 15, 202),
(3050, '4:55:08 ', 16, 202),
(3051, '00:16:11 ', 1, 202),
(3052, '3:34:02 ', 10, 202),
(3053, '4:04:04 ', 4, 202),
(3054, '4:32:36 ', 6, 203),
(3055, '4:04:37 ', 4, 203),
(3056, '4:22:42 ', 8, 203),
(3057, '00:16:09 ', 1, 203),
(3058, '5:14:14 ', 9, 203),
(3059, '3:14:39 ', 5, 203),
(3060, '4:04:39 ', 7, 203),
(3061, '4:34:34 ', 2, 203),
(3062, '4:11:56 ', 3, 203),
(3063, '4:03:09 ', 4, 204),
(3064, '5:31:06 ', 12, 204),
(3065, '3:26:51 ', 5, 204),
(3066, '4:54:57 ', 11, 204),
(3067, '2:58:32 ', 21, 204),
(3068, '4:11:33 ', 3, 204),
(3069, '3:52:05 ', 19, 204),
(3070, '4:34:34 ', 2, 204),
(3071, '00:56:12 ', 20, 204),
(3072, '3:45:12 ', 10, 204),
(3073, '4:15:42 ', 7, 204),
(3074, '00:17:28 ', 1, 204),
(3075, '4:19:14 ', 13, 204),
(3076, '4:22:15 ', 8, 204),
(3077, '4:55:08 ', 16, 204),
(3078, '4:27:27 ', 15, 204),
(3079, '5:14:14 ', 9, 204),
(3080, '4:37:37 ', 6, 204),
(3081, '4:36:15 ', 18, 204),
(3082, '4:56:14 ', 14, 204),
(3083, '3:58:46 ', 17, 204),
(3084, '4:16:06 ', 7, 205),
(3085, '4:36:24 ', 6, 205),
(3086, '4:55:25 ', 11, 205),
(3087, '4:11:56 ', 3, 205),
(3088, '4:44:43 ', 15, 205),
(3089, '3:19:07 ', 5, 205),
(3090, '4:34:34 ', 2, 205),
(3091, '3:58:40 ', 17, 205),
(3092, '00:16:17 ', 1, 205),
(3093, '3:00:03 ', 21, 205),
(3094, '4:03:09 ', 4, 205),
(3095, '3:45:38 ', 10, 205),
(3096, '4:34:00 ', 8, 205),
(3097, '4:55:08 ', 16, 205),
(3098, '4:58:27 ', 14, 205),
(3099, '5:31:06 ', 12, 205),
(3100, '4:01:45 ', 19, 205),
(3101, '4:26:16 ', 13, 205),
(3102, '4:36:15 ', 18, 205),
(3103, '00:57:04 ', 20, 205),
(3104, '5:22:44 ', 9, 205),
(3105, '4:34:41 ', 6, 206),
(3106, '3:45:12 ', 10, 206),
(3107, '4:44:43 ', 15, 206),
(3108, '3:03:01 ', 21, 206),
(3109, '4:07:01 ', 4, 206),
(3110, '4:33:49 ', 18, 206),
(3111, '00:52:53 ', 20, 206),
(3112, '4:33:08 ', 13, 206),
(3113, '5:30:59 ', 12, 206),
(3114, '00:16:31 ', 1, 206),
(3115, '4:02:51 ', 19, 206),
(3116, '4:25:54 ', 8, 206),
(3117, '3:22:59 ', 5, 206),
(3118, '4:42:51 ', 2, 206),
(3119, '4:55:19 ', 14, 206),
(3120, '5:14:14 ', 9, 206),
(3121, '4:54:53 ', 11, 206),
(3122, '4:15:00 ', 3, 206),
(3123, '4:11:52 ', 7, 206),
(3124, '3:45:47 ', 17, 206),
(3125, '4:55:08 ', 16, 206),
(3126, '4:19:20 ', 13, 207),
(3127, '4:11:56 ', 3, 207),
(3128, '5:14:14 ', 9, 207),
(3129, '4:55:25 ', 11, 207),
(3130, '4:01:44 ', 4, 207),
(3131, '4:18:04 ', 8, 207),
(3132, '3:57:54 ', 17, 207),
(3133, '00:55:55 ', 20, 207),
(3134, '4:36:15 ', 18, 207),
(3135, '3:45:12 ', 10, 207),
(3136, '2:58:32 ', 21, 207),
(3137, '00:16:51 ', 1, 207),
(3138, '5:31:43 ', 12, 207),
(3139, '3:52:05 ', 19, 207),
(3140, '4:55:08 ', 16, 207),
(3141, '4:34:34 ', 2, 207),
(3142, '4:15:39 ', 7, 207),
(3143, '4:55:19 ', 14, 207),
(3144, '3:14:39 ', 5, 207),
(3145, '4:28:03 ', 15, 207),
(3146, '4:31:01 ', 6, 207),
(3147, '4:19:14 ', 13, 208),
(3148, '3:18:50 ', 10, 208),
(3149, '5:08:43 ', 12, 208),
(3150, '2:58:32 ', 21, 208),
(3151, '4:52:43 ', 14, 208),
(3152, '4:40:04 ', 15, 208),
(3153, '4:09:35 ', 7, 208),
(3154, '4:33:23 ', 6, 208),
(3155, '3:54:43 ', 19, 208),
(3156, '4:15:24 ', 8, 208),
(3157, '3:29:29 ', 17, 208),
(3158, '00:16:45 ', 1, 208),
(3159, '4:45:18 ', 11, 208),
(3160, '4:47:51 ', 9, 208),
(3161, '4:31:03 ', 16, 208),
(3162, '4:11:02 ', 18, 208),
(3163, '3:17:54 ', 5, 208),
(3164, '4:34:34 ', 2, 208),
(3165, '4:11:56 ', 3, 208),
(3166, '00:50:39 ', 20, 208),
(3167, '4:05:25 ', 4, 208),
(3168, '00:57:31 ', 20, 211),
(3169, '4:24:48 ', 13, 211),
(3170, '00:16:26 ', 1, 211),
(3171, '4:45:18 ', 11, 211),
(3172, '4:01:44 ', 4, 211),
(3173, '4:15:24 ', 8, 211),
(3174, '4:09:35 ', 7, 211),
(3175, '4:15:00 ', 3, 211),
(3176, '3:28:36 ', 10, 211),
(3177, '4:34:34 ', 2, 211),
(3178, '3:42:22 ', 17, 211),
(3179, '4:27:27 ', 6, 211),
(3180, '4:56:51 ', 9, 211),
(3181, '4:52:42 ', 16, 211),
(3182, '5:24:22 ', 12, 211),
(3183, '4:47:43 ', 15, 211),
(3184, '3:22:59 ', 5, 211),
(3185, '4:34:20 ', 18, 211),
(3186, '4:33:43 ', 14, 211),
(3187, '2:58:32 ', 21, 211),
(3188, '4:13:59 ', 19, 211),
(3189, '4:19:01 ', 13, 212),
(3190, '5:14:14 ', 9, 212),
(3191, '2:58:32 ', 21, 212),
(3192, '4:34:34 ', 2, 212),
(3193, '4:39:03 ', 16, 212),
(3194, '4:31:17 ', 6, 212),
(3195, '4:12:12 ', 3, 212),
(3196, '5:29:13 ', 12, 212),
(3197, '3:22:59 ', 5, 212),
(3198, '00:54:36 ', 20, 212),
(3199, '3:53:53 ', 19, 212),
(3200, '4:54:19 ', 14, 212),
(3201, '4:06:26 ', 7, 212),
(3202, '00:16:58 ', 1, 212),
(3203, '4:29:48 ', 18, 212),
(3204, '4:27:27 ', 15, 212),
(3205, '4:27:16 ', 8, 212),
(3206, '4:01:44 ', 4, 212),
(3207, '3:45:12 ', 10, 212),
(3208, '3:50:59 ', 17, 212),
(3209, '4:52:11 ', 11, 212),
(3210, '4:34:34 ', 2, 213),
(3211, '4:52:08 ', 11, 213),
(3212, '5:12:22 ', 9, 213),
(3213, '3:52:44 ', 19, 213),
(3214, '3:40:29 ', 10, 213),
(3215, '4:29:23 ', 15, 213),
(3216, '00:16:11 ', 1, 213),
(3217, '4:34:27 ', 6, 213),
(3218, '5:26:29 ', 12, 213),
(3219, '3:00:03 ', 21, 213),
(3220, '3:53:57 ', 17, 213),
(3221, '4:03:04 ', 4, 213),
(3222, '4:32:13 ', 18, 213),
(3223, '4:54:19 ', 14, 213),
(3224, '4:26:16 ', 13, 213),
(3225, '4:46:45 ', 16, 213),
(3226, '3:22:59 ', 5, 213),
(3227, '4:19:22 ', 8, 213),
(3228, '00:52:57 ', 20, 213),
(3229, '4:09:20 ', 7, 213),
(3230, '4:11:33 ', 3, 213),
(3231, '4:19:22 ', 8, 214),
(3232, '3:25:17 ', 5, 214),
(3233, '00:16:19 ', 1, 214),
(3234, '4:11:33 ', 3, 214),
(3235, '4:55:59 ', 11, 214),
(3236, '4:00:46 ', 19, 214),
(3237, '4:07:01 ', 4, 214),
(3238, '3:36:23 ', 10, 214),
(3239, '4:34:34 ', 2, 214),
(3240, '4:33:08 ', 13, 214),
(3241, '4:47:43 ', 15, 214),
(3242, '4:55:08 ', 16, 214),
(3243, '00:54:58 ', 20, 214),
(3244, '4:16:39 ', 7, 214),
(3245, '5:32:13 ', 12, 214),
(3246, '5:14:14 ', 9, 214),
(3247, '4:56:28 ', 14, 214),
(3248, '4:36:30 ', 18, 214),
(3249, '2:58:32 ', 21, 214),
(3250, '3:56:45 ', 17, 214),
(3251, '4:37:37 ', 6, 214),
(3252, '4:18:48 ', 8, 215),
(3253, '3:15:09 ', 5, 215),
(3254, '4:32:50 ', 6, 215),
(3255, '4:11:59 ', 3, 215),
(3256, '3:45:25 ', 10, 215),
(3257, '4:02:03 ', 4, 215),
(3258, '4:18:58 ', 13, 215),
(3259, '4:55:08 ', 16, 215),
(3260, '4:44:43 ', 15, 215),
(3261, '00:55:15 ', 20, 215),
(3262, '4:36:22 ', 18, 215),
(3263, '3:56:42 ', 17, 215),
(3264, '4:56:28 ', 14, 215),
(3265, '3:00:03 ', 21, 215),
(3266, '4:55:59 ', 11, 215),
(3267, '4:15:23 ', 7, 215),
(3268, '4:34:34 ', 2, 215),
(3269, '5:29:13 ', 12, 215),
(3270, '5:14:14 ', 9, 215),
(3271, '00:16:53 ', 1, 215),
(3272, '3:54:40 ', 19, 215),
(3273, '2:58:32 ', 21, 216),
(3274, '3:44:45 ', 10, 216),
(3275, '5:31:36 ', 12, 216),
(3276, '4:55:13 ', 11, 216),
(3277, '4:34:41 ', 6, 216),
(3278, '4:27:27 ', 15, 216),
(3279, '5:14:14 ', 9, 216),
(3280, '4:11:33 ', 3, 216),
(3281, '4:18:48 ', 13, 216),
(3282, '4:56:28 ', 14, 216),
(3283, '4:34:34 ', 2, 216),
(3284, '4:34:13 ', 18, 216),
(3285, '4:55:08 ', 16, 216),
(3286, '3:55:05 ', 19, 216),
(3287, '4:01:44 ', 4, 216),
(3288, '4:15:27 ', 7, 216),
(3289, '3:52:54 ', 17, 216),
(3290, '4:20:48 ', 8, 216),
(3291, '00:56:34 ', 20, 216),
(3292, '00:17:51 ', 1, 216),
(3293, '3:14:39 ', 5, 216),
(3294, '4:30:50 ', 18, 217),
(3295, '4:45:18 ', 11, 217),
(3296, '2:59:29 ', 21, 217),
(3297, '4:15:00 ', 3, 217),
(3298, '3:22:59 ', 5, 217),
(3299, '00:17:47 ', 1, 217),
(3300, '4:24:37 ', 8, 217),
(3301, '3:42:22 ', 17, 217),
(3302, '4:54:19 ', 14, 217),
(3303, '00:56:53 ', 20, 217),
(3304, '5:17:53 ', 12, 217),
(3305, '4:01:44 ', 4, 217),
(3306, '4:27:27 ', 15, 217),
(3307, '4:03:30 ', 7, 217),
(3308, '5:14:14 ', 9, 217),
(3309, '4:55:08 ', 16, 217),
(3310, '4:34:34 ', 2, 217),
(3311, '4:26:16 ', 13, 217),
(3312, '3:26:15 ', 10, 217),
(3313, '4:02:51 ', 19, 217),
(3314, '4:28:27 ', 6, 217),
(3315, '00:16:49 ', 1, 218),
(3316, '4:51:27 ', 14, 218),
(3317, '4:14:27 ', 8, 218),
(3318, '4:44:32 ', 16, 218),
(3319, '4:45:18 ', 11, 218),
(3320, '4:26:16 ', 13, 218),
(3321, '00:54:28 ', 20, 218),
(3322, '3:19:40 ', 5, 218),
(3323, '3:44:36 ', 17, 218),
(3324, '4:27:27 ', 15, 218),
(3325, '4:34:34 ', 2, 218),
(3326, '4:17:04 ', 18, 218),
(3327, '3:52:29 ', 19, 218),
(3328, '5:02:41 ', 9, 218),
(3329, '4:12:12 ', 3, 218),
(3330, '4:01:44 ', 4, 218),
(3331, '2:58:32 ', 21, 218),
(3332, '5:06:40 ', 12, 218),
(3333, '3:27:44 ', 10, 218),
(3334, '4:28:27 ', 6, 218),
(3335, '4:03:08 ', 7, 218),
(3336, NULL, NULL, 219),
(3337, NULL, NULL, 220),
(3338, NULL, NULL, 221);

-- --------------------------------------------------------

--
-- Structure de la table `TypeEtape`
--

CREATE TABLE `TypeEtape` (
  `idTypeEtape` int(11) NOT NULL,
  `nomTypeEtape` varchar(50) DEFAULT NULL
) ENGINE=InnoDB DEFAULT CHARSET=utf8mb4 COLLATE=utf8mb4_general_ci;

--
-- Déchargement des données de la table `TypeEtape`
--

INSERT INTO `TypeEtape` (`idTypeEtape`, `nomTypeEtape`) VALUES
(1, 'Accidentee'),
(2, 'Plat'),
(3, 'Montagne'),
(4, 'CLM Individuel');

-- --------------------------------------------------------

--
-- Structure de la table `Ville`
--

CREATE TABLE `Ville` (
  `numVille` int(50) NOT NULL,
  `nomVille` varchar(50) DEFAULT NULL,
  `codePays` varchar(3) NOT NULL
) ENGINE=InnoDB DEFAULT CHARSET=utf8mb4 COLLATE=utf8mb4_general_ci;

--
-- Déchargement des données de la table `Ville`
--

INSERT INTO `Ville` (`numVille`, `nomVille`, `codePays`) VALUES
(1, 'Carcassonne', 'FRA'),
(2, 'Dole', 'FRA'),
(3, 'Saint-Étienne', 'FRA'),
(4, 'Paris', 'FRA'),
(5, 'Tomblaine', 'FRA'),
(6, 'Rodez', 'FRA'),
(7, 'Vejle', 'DNK'),
(8, 'Lacapelle-Marival', 'FRA'),
(9, 'Saint-Gaudens', 'FRA'),
(10, 'Binche', 'BEL'),
(11, 'Morzine', 'FRA'),
(12, 'Aigle', 'CHE'),
(13, 'Dunkerque', 'FRA'),
(14, 'Le Bourg-d\'Oisans', 'FRA'),
(15, 'Copenhague', 'DNK'),
(16, 'Lourdes', 'FRA'),
(17, 'Roskilde', 'DNK'),
(18, 'Castelnau-Magnoac', 'FRA'),
(19, 'Lille', 'FRA'),
(20, 'Briançon', 'FRA'),
(21, 'Albertville', 'FRA'),
(22, 'Foix', 'FRA'),
(23, 'Lausanne', 'CHE'),
(24, 'Mende', 'FRA'),
(25, 'Plancher-les-Mines', 'FRA'),
(26, 'Sønderborg', 'DNK'),
(27, 'Rocamadour', 'FRA'),
(28, 'Peyragudes', 'FRA'),
(29, 'Longwy', 'FRA'),
(30, 'Megève', 'FRA'),
(31, 'Châtel', 'FRA'),
(32, 'Calais', 'FRA'),
(33, 'Beaucens', 'FRA'),
(34, 'Nyborg', 'DNK'),
(35, 'Cahors', 'FRA'),
(36, 'Wallers', 'FRA'),
(37, 'Huez', 'FRA'),
(38, 'La Salle-les-Alpes', 'FRA');

--
-- Index pour les tables déchargées
--

--
-- Index pour la table `Admin`
--
ALTER TABLE `Admin`
  ADD PRIMARY KEY (`id`);

--
-- Index pour la table `Bonification`
--
ALTER TABLE `Bonification`
  ADD PRIMARY KEY (`idBonification`),
  ADD KEY `numDossard` (`numDossard`),
  ADD KEY `numEtape` (`numEtape`);

--
-- Index pour la table `Coureur`
--
ALTER TABLE `Coureur`
  ADD PRIMARY KEY (`numDossard`),
  ADD KEY `numEquipe` (`numEquipe`),
  ADD KEY `codePays` (`codePays`);

--
-- Index pour la table `Equipe`
--
ALTER TABLE `Equipe`
  ADD PRIMARY KEY (`numEquipe`),
  ADD KEY `codePays` (`codePays`);

--
-- Index pour la table `Etape`
--
ALTER TABLE `Etape`
  ADD PRIMARY KEY (`numEtape`),
  ADD KEY `numVille` (`numVille`),
  ADD KEY `numVille_1` (`numVille_1`),
  ADD KEY `idTypeEtape` (`idTypeEtape`);

--
-- Index pour la table `Pays`
--
ALTER TABLE `Pays`
  ADD PRIMARY KEY (`codePays`);

--
-- Index pour la table `Performance`
--
ALTER TABLE `Performance`
  ADD PRIMARY KEY (`idPerformance`),
  ADD KEY `numEtape` (`numEtape`),
  ADD KEY `numDossard` (`numDossard`);

--
-- Index pour la table `TypeEtape`
--
ALTER TABLE `TypeEtape`
  ADD PRIMARY KEY (`idTypeEtape`);

--
-- Index pour la table `Ville`
--
ALTER TABLE `Ville`
  ADD PRIMARY KEY (`numVille`),
  ADD KEY `codePays` (`codePays`);

--
-- AUTO_INCREMENT pour les tables déchargées
--

--
-- AUTO_INCREMENT pour la table `Admin`
--
ALTER TABLE `Admin`
  MODIFY `id` int(255) NOT NULL AUTO_INCREMENT, AUTO_INCREMENT=2;

--
-- AUTO_INCREMENT pour la table `Bonification`
--
ALTER TABLE `Bonification`
  MODIFY `idBonification` int(11) NOT NULL AUTO_INCREMENT, AUTO_INCREMENT=115;

--
-- AUTO_INCREMENT pour la table `Performance`
--
ALTER TABLE `Performance`
  MODIFY `idPerformance` int(11) NOT NULL AUTO_INCREMENT, AUTO_INCREMENT=3339;

--
-- AUTO_INCREMENT pour la table `TypeEtape`
--
ALTER TABLE `TypeEtape`
  MODIFY `idTypeEtape` int(11) NOT NULL AUTO_INCREMENT, AUTO_INCREMENT=9;

--
-- Contraintes pour les tables déchargées
--

--
-- Contraintes pour la table `Bonification`
--
ALTER TABLE `Bonification`
  ADD CONSTRAINT `Bonification_ibfk_1` FOREIGN KEY (`numDossard`) REFERENCES `Coureur` (`numDossard`) ON DELETE CASCADE,
  ADD CONSTRAINT `Bonification_ibfk_2` FOREIGN KEY (`numEtape`) REFERENCES `Etape` (`numEtape`) ON DELETE CASCADE;

--
-- Contraintes pour la table `Coureur`
--
ALTER TABLE `Coureur`
  ADD CONSTRAINT `Coureur_ibfk_1` FOREIGN KEY (`numEquipe`) REFERENCES `Equipe` (`numEquipe`),
  ADD CONSTRAINT `Coureur_ibfk_2` FOREIGN KEY (`codePays`) REFERENCES `Pays` (`codePays`);

--
-- Contraintes pour la table `Equipe`
--
ALTER TABLE `Equipe`
  ADD CONSTRAINT `Equipe_ibfk_1` FOREIGN KEY (`codePays`) REFERENCES `Pays` (`codePays`);

--
-- Contraintes pour la table `Etape`
--
ALTER TABLE `Etape`
  ADD CONSTRAINT `Etape_ibfk_1` FOREIGN KEY (`numVille`) REFERENCES `Ville` (`numVille`),
  ADD CONSTRAINT `Etape_ibfk_2` FOREIGN KEY (`numVille_1`) REFERENCES `Ville` (`numVille`),
  ADD CONSTRAINT `Etape_ibfk_3` FOREIGN KEY (`idTypeEtape`) REFERENCES `TypeEtape` (`idTypeEtape`);

--
-- Contraintes pour la table `Performance`
--
ALTER TABLE `Performance`
  ADD CONSTRAINT `Performance_ibfk_1` FOREIGN KEY (`numEtape`) REFERENCES `Etape` (`numEtape`) ON DELETE CASCADE,
  ADD CONSTRAINT `Performance_ibfk_2` FOREIGN KEY (`numDossard`) REFERENCES `Coureur` (`numDossard`) ON DELETE CASCADE;

--
-- Contraintes pour la table `Ville`
--
ALTER TABLE `Ville`
  ADD CONSTRAINT `Ville_ibfk_1` FOREIGN KEY (`codePays`) REFERENCES `Pays` (`codePays`);
COMMIT;

/*!40101 SET CHARACTER_SET_CLIENT=@OLD_CHARACTER_SET_CLIENT */;
/*!40101 SET CHARACTER_SET_RESULTS=@OLD_CHARACTER_SET_RESULTS */;
/*!40101 SET COLLATION_CONNECTION=@OLD_COLLATION_CONNECTION */;
